Time,Report Time,LatLng,rad,Locate Type,Strength,Cell Tower,is_sz,Network,Wifi,Br,Charging
"02/10/2025 17:09:47","02/10/2025 17:09:46","51.489804, -0.261031","192","wifi","-24 dBm","139_5824274_234_15","0","LTE","9c:31:c3:32:f1:2a,-1000|c0:06:c3:25:75:16,-65|80:69:1a:09:b3:c6,-67|fa:b4:6a:69:8b:19,-70|80:bc:37:48:c9:94,-71|80:bc:37:48:c9:93,-71|3c:7c:3f:da:bb:38,-79|fe:3f:db:cf:67:b6,-80|80:bc:37:48:c9:90,-70|80:bc:37:48:c9:91,-71","29%","NO"
"02/10/2025 16:48:23","02/10/2025 16:48:22","51.489804, -0.261031","192","wifi","-25 dBm","139_5824274_234_15","0","LTE","9c:31:c3:32:f1:2a,-1000|c0:06:c3:25:75:16,-65|80:69:1a:09:b3:c6,-67|fa:b4:6a:69:8b:19,-70|80:bc:37:48:c9:94,-71|80:bc:37:48:c9:93,-71|3c:7c:3f:da:bb:38,-79|fe:3f:db:cf:67:b6,-80|80:bc:37:48:c9:90,-70|80:bc:37:48:c9:91,-71","20%","NO"
"02/10/2025 16:17:03","02/10/2025 16:17:00","51.489804, -0.261031","192","wifi","-27 dBm","139_5824274_234_15","0","LTE","9c:31:c3:32:f1:2a,-1000|c0:06:c3:25:75:16,-70|80:69:1a:09:b3:c6,-67|fa:b4:6a:69:8b:19,-70|80:bc:37:48:c9:94,-71|80:bc:37:48:c9:93,-71|3c:7c:3f:da:bb:38,-79|fe:3f:db:cf:67:b6,-80|80:bc:37:48:c9:90,-70|80:bc:37:48:c9:91,-71","18%","NO"
"02/10/2025 15:58:08","02/10/2025 15:58:00","51.489804, -0.261031","192","wifi","-26 dBm","139_5824274_234_15","0","LTE","9c:31:c3:32:f1:2a,-1000|c0:06:c3:25:75:16,-66|80:69:1a:09:b3:c6,-67|fa:b4:6a:69:8b:19,-70|80:bc:37:48:c9:94,-71|80:bc:37:48:c9:93,-71|3c:7c:3f:da:bb:38,-79|fe:3f:db:cf:67:b6,-80|80:bc:37:48:c9:90,-70|80:bc:37:48:c9:91,-71","18%","NO"
"02/10/2025 15:54:02","02/10/2025 15:54:00","51.489804, -0.261031","192","wifi","-12 dBm","139_155938_234_15","0","LTE","9c:31:c3:32:f1:2a,-1000|c0:06:c3:25:75:16,-66|80:69:1a:09:b3:c6,-67|fa:b4:6a:69:8b:19,-70|80:bc:37:48:c9:94,-71|80:bc:37:48:c9:93,-71|3c:7c:3f:da:bb:38,-79|fe:3f:db:cf:67:b6,-80|80:bc:37:48:c9:90,-70|80:bc:37:48:c9:91,-71","18%","NO"
"02/10/2025 15:34:01","02/10/2025 15:34:00","51.489804, -0.261031","192","wifi","-26 dBm","65534_5824274_234_15","0","LTE","9c:31:c3:32:f1:2a,-1000|c0:06:c3:25:75:16,-73|80:69:1a:09:b3:c6,-67|fa:b4:6a:69:8b:19,-70|80:bc:37:48:c9:94,-71|80:bc:37:48:c9:93,-71|3c:7c:3f:da:bb:38,-79|fe:3f:db:cf:67:b6,-80|80:bc:37:48:c9:90,-70|80:bc:37:48:c9:91,-71","19%","NO"
"02/10/2025 15:10:03","02/10/2025 15:10:00","51.489804, -0.261031","192","wifi","-24 dBm","65534_9365784_234_30","0","LTE","9c:31:c3:32:f1:2a,-1000|c0:06:c3:25:75:16,-72|80:69:1a:09:b3:c6,-67|fa:b4:6a:69:8b:19,-70|80:bc:37:48:c9:94,-71|80:bc:37:48:c9:93,-71|3c:7c:3f:da:bb:38,-79|fe:3f:db:cf:67:b6,-80|80:bc:37:48:c9:90,-70|80:bc:37:48:c9:91,-71","20%","NO"
"02/10/2025 15:01:01","02/10/2025 15:01:00","51.489804, -0.261031","192","wifi","-23 dBm","9910_9365784_234_30","0","LTE","9c:31:c3:32:f1:2a,-1000|c0:06:c3:25:75:16,-63|fa:b4:6a:69:8b:19,-68|80:bc:37:48:c9:94,-71|80:bc:37:48:c9:93,-71|80:69:1a:09:b3:c6,-78|fe:3f:db:cf:67:b6,-83|3c:7c:3f:da:bb:38,-86|80:bc:37:48:c9:91,-71|80:bc:37:48:c9:90,-71|00:22:6c:1b:0d:92,-88","18%","NO"
"02/10/2025 14:40:03","02/10/2025 14:40:02","51.489804, -0.261031","192","wifi","-19 dBm","9910_9365784_234_30","0","LTE","9c:31:c3:32:f1:2a,-1000|c0:06:c3:25:75:16,-65|fa:b4:6a:69:8b:19,-69|80:bc:37:48:c9:94,-70|80:bc:37:48:c9:93,-70|80:69:1a:09:b3:c6,-71|fe:3f:db:cf:67:b6,-83|3c:7c:3f:da:bb:38,-84|80:bc:37:48:c9:91,-70|80:bc:37:48:c9:90,-70|00:22:6c:1b:0d:92,-88","18%","NO"
"02/10/2025 14:39:04","02/10/2025 14:39:03","51.489804, -0.261031","192","wifi","-23 dBm","9910_9365784_234_30","0","LTE","9c:31:c3:32:f1:2a,-1000|c0:06:c3:25:75:16,-67|80:bc:37:48:c9:93,-65|80:bc:37:48:c9:94,-65|de:cd:2f:7d:e5:89,-70|80:69:1a:09:b3:c6,-73|26:3f:0b:da:64:88,-81|3c:7c:3f:da:bb:38,-82|5e:62:5a:ee:c3:34,-85|00:1d:aa:be:55:c0,-86|e4:c3:2a:33:f4:90,-88|80:bc:37:48:c9:91,-65|80:bc:37:48:c9:90,-65","18%","NO"
"02/10/2025 12:54:06","02/10/2025 12:54:04","51.489804, -0.261031","192","wifi","-24 dBm","9910_9365784_234_30","0","LTE","9c:31:c3:32:f1:2a,-1000|c0:06:c3:25:75:16,-63|fa:b4:6a:69:8b:19,-64|80:69:1a:09:b3:c6,-67|80:bc:37:48:c9:93,-69|80:bc:37:48:c9:94,-70|f2:11:b0:15:c8:c5,-70|80:bc:37:48:c9:90,-70|80:bc:37:48:c9:91,-70","18%","NO"
"02/10/2025 12:51:03","02/10/2025 12:51:02","51.489804, -0.261031","192","wifi","-22 dBm","9910_9365784_234_30","0","LTE","9c:31:c3:32:f1:2a,-1000|c0:06:c3:25:75:16,-72|80:bc:37:48:c9:94,-56|80:bc:37:48:c9:93,-56|fa:b4:6a:69:8b:19,-64|80:69:1a:09:b3:c6,-77|3c:7c:3f:da:bb:38,-80|26:3f:0b:da:64:88,-88|80:bc:37:48:c9:91,-56|80:bc:37:48:c9:90,-56|f2:11:b0:15:c8:c5,-72","18%","NO"
"02/10/2025 12:50:03","02/10/2025 12:50:02","51.489804, -0.261031","192","wifi","-19 dBm","2354_3614984_234_30","0","LTE","9c:31:c3:32:f1:2a,-1000|c0:06:c3:25:75:16,-69|80:bc:37:48:c9:94,-61|80:bc:37:48:c9:93,-61|fa:b4:6a:69:8b:19,-69|80:69:1a:09:b3:c6,-79|fe:3f:db:cf:67:b6,-81|2a:cd:c4:77:cd:23,-84|80:bc:37:48:c9:90,-61|80:bc:37:48:c9:91,-61|f2:11:b0:15:c8:c5,-72","18%","NO"
"02/10/2025 12:44:03","02/10/2025 12:44:02","51.4923265, -0.2616998","48","wifi","-21 dBm","2454_6256920_234_30","0","LTE","9c:31:c3:32:f1:2a,-1000|c0:06:c3:25:75:16,-1000|04:09:86:24:1f:30,-80|00:80:48:70:3c:f8,-82|c0:05:c2:ee:df:a9,-82|a2:cd:f3:f4:fb:8b,-83|64:7b:1e:94:06:af,-85|a0:b5:3c:29:3d:1a,-86|78:c5:7d:41:88:95,-86|94:2a:6f:38:ec:0e,-89|48:d3:43:54:38:99,-89","18%","NO"
"02/10/2025 12:43:35","02/10/2025 12:43:33","51.492437, -0.262595","85","wifi","-24 dBm","2454_6256920_234_30","0","LTE","9c:31:c3:32:f1:2a,-1000|c0:06:c3:25:75:16,-1000|00:30:44:29:ad:5f,-85|70:97:41:48:4e:02,-82|72:97:41:48:4e:03,-81","18%","NO"
"02/10/2025 12:43:10","02/10/2025 12:43:09","51.492507, -0.262821","84","wifi","-24 dBm","2454_6256920_234_30","0","LTE","9c:31:c3:32:f1:2a,-1000|c0:06:c3:25:75:16,-1000|04:09:86:24:1f:30,-79|00:30:44:29:ad:5f,-79|24:a4:3c:ed:f4:ed,-74|70:97:41:48:4e:02,-78|4c:19:5d:d9:c0:b5,-83|72:97:41:48:4e:03,-81|c0:05:c2:ee:df:a9,-79|00:80:48:70:3c:f8,-80|c0:05:c2:2b:53:79,-83|f0:f2:49:c0:bf:28,-83|54:1f:8d:dd:1f:02,-84|38:e1:f4:b0:ac:61,-86","18%","NO"
"02/10/2025 12:42:22","02/10/2025 12:42:21","51.4922112, -0.2612784","19","wifi","-17 dBm","2454_6256920_234_30","0","LTE","9c:31:c3:32:f1:2a,-1000|c0:06:c3:25:75:16,-1000|86:a1:d1:b8:e1:b7,-85|a0:2d:db:f7:d6:12,-70|be:a5:8b:42:55:c4,-82|94:83:c4:aa:91:04,-83|84:a1:d1:b8:df:b6,-85|14:49:bc:42:c9:26,-86|48:d3:43:54:38:99,-88","18%","NO"
"02/10/2025 12:42:00","02/10/2025 12:41:59","51.492472, -0.260508","29","wifi","-22 dBm","2454_6256920_234_30","0","LTE","9c:31:c3:32:f1:2a,-1000|c0:06:c3:25:75:16,-1000|02:65:b3:16:59:68,-65|be:19:4d:81:c7:60,-78|80:72:15:16:2e:2a,-80|64:7b:1e:94:06:af,-80|00:80:48:70:3c:f8,-85|84:16:f9:e9:03:ee,-85|3c:9e:c7:f9:c7:02,-85|be:a5:8b:42:55:c4,-85|04:09:86:3d:5d:70,-86|ac:f8:cc:6c:3d:0d,-88","18%","NO"
"02/10/2025 12:41:03","02/10/2025 12:41:02","51.491351, -0.260561","192","wifi","-21 dBm","2454_6256920_234_30","0","LTE","9c:31:c3:32:f1:2a,-1000|c0:06:c3:25:75:16,-1000|e4:55:a8:55:bc:de,-76|80:75:1f:af:f7:12,-76|00:30:44:29:ad:5f,-81|94:83:c4:aa:91:04,-84|3c:9e:c7:a9:91:82,-85|1a:e8:29:a1:31:22,-86|7a:b1:b5:32:36:a8,-85|46:d1:fa:cf:6d:de,-86","18%","NO"
"02/10/2025 12:40:30","02/10/2025 12:40:29","51.492021, -0.26038","156","wifi","-14 dBm","2454_6256920_234_30","0","LTE","9c:31:c3:32:f1:2a,-1000|c0:06:c3:25:75:16,-1000|00:1d:aa:40:6c:b0,-76|c0:05:c2:f0:ca:71,-81|80:75:1f:af:f7:12,-82|d4:86:60:da:1e:39,-85|d0:cf:0e:ff:cb:21,-86","18%","NO"
"02/10/2025 12:40:06","02/10/2025 12:40:05","51.4924983, -0.2589226","26","wifi","-21 dBm","2454_6257176_234_30","0","LTE","9c:31:c3:32:f1:2a,-1000|c0:06:c3:25:75:16,-1000|00:30:44:29:ad:5f,-88|bc:30:d9:41:5c:95,-88|7a:5a:c7:e3:17:05,-76|16:8d:db:94:84:07,-77|06:8d:db:94:84:07,-78|0c:8d:db:94:84:07,-78|1a:8d:db:94:84:07,-79|20:23:51:56:62:a3,-86|c4:60:26:70:00:8d,-86|0c:8e:29:3a:1e:30,-88|0a:8d:db:94:84:07,-77","18%","NO"
"02/10/2025 12:39:21","02/10/2025 12:39:17","51.492452, -0.25851","50","wifi","-21 dBm","2454_6257176_234_30","0","LTE","9c:31:c3:32:f1:2a,-1000|c0:06:c3:25:75:16,-1000|bc:a5:11:a7:ae:0f,-83|20:23:51:56:62:a3,-89","18%","NO"
"02/10/2025 12:38:56","02/10/2025 12:38:55","51.492348, -0.259627","189","wifi","-25 dBm","2454_6257176_234_30","0","LTE","9c:31:c3:32:f1:2a,-1000|c0:06:c3:25:75:16,-1000|00:90:4c:10:11:88,-80|c2:c4:f9:6c:9e:46,-86|8e:18:88:c0:00:50,-86|a2:18:88:c0:00:50,-88","18%","NO"
"02/10/2025 12:38:12","02/10/2025 12:38:10","51.492572, -0.257842","52","wifi","-22 dBm","2454_6257176_234_30","0","LTE","9c:31:c3:32:f1:2a,-1000|c0:06:c3:25:75:16,-1000|9c:05:d6:4e:2b:ee,-81|50:70:43:5c:39:ca,-81|a2:05:d6:4e:2b:ee,-83","18%","NO"
"02/10/2025 12:36:03","02/10/2025 12:36:02","51.4926398, -0.2556114","41","wifi","-16 dBm","2454_6294040_234_30","0","LTE","9c:31:c3:32:f1:2a,-1000|c0:06:c3:25:75:16,-1000|84:0b:7c:c8:21:28,-81|78:45:58:37:2f:0a,-82|50:91:e3:d3:37:12,-83|84:90:0a:20:46:25,-83|b2:92:03:38:09:92,-84|c0:c9:e3:59:d1:c4,-85|a6:05:d6:33:fc:66,-88","19%","NO"
"02/10/2025 12:35:04","02/10/2025 12:35:03","51.4928628, -0.2540004","41","wifi","-7 dBm","2448_3679753_234_30","0","LTE","9c:31:c3:32:f1:2a,-1000|c0:06:c3:25:75:16,-1000|fc:7f:f1:5d:ce:25,-73|fc:7f:f1:5d:ce:22,-74|fc:7f:f1:5d:ce:23,-75|48:22:54:0c:b8:2e,-75|d0:1b:f4:25:76:52,-78|9e:8e:29:22:70:7a,-80|10:0c:6b:f1:dd:e3,-81|20:35:43:0c:30:53,-83|c0:05:c2:d5:a0:e1,-84|d8:ec:e5:20:7d:df,-84|94:ff:3c:db:d8:d9,-85|fc:7f:f1:5d:ce:24,-76|b8:76:3f:8c:e4:4e,-78|4a:1b:f4:25:76:53,-78|8e:57:0a:8e:a8:ed,-81|94:ff:3c:db:d8:d8,-83","19%","NO"
"02/10/2025 12:34:28","02/10/2025 12:34:27","51.492873, -0.253683","37","wifi","-18 dBm","2354_3614986_234_30","0","LTE","9c:31:c3:32:f1:2a,-1000|c0:06:c3:25:75:16,-1000|e0:63:da:07:dd:c1,-75|e6:63:da:07:dd:c1,-77|ea:63:da:07:dd:c1,-77|e0:63:da:07:dd:b8,-81|8c:19:b5:2b:de:86,-85|80:ce:62:05:7b:30,-85|18:82:8c:76:23:db,-85","19%","NO"
"02/10/2025 12:28:17","02/10/2025 12:28:16","51.4927946, -0.2542539","41","wifi","-14 dBm","2354_3614977_234_30","0","LTE","9c:31:c3:32:f1:2a,-1000|c0:06:c3:25:75:16,-1000|28:ee:52:ce:fb:8e,-85|ac:71:2e:2a:83:b9,-64|ac:71:2e:2a:83:bb,-65|ac:71:2e:2a:83:ba,-65|d8:ec:e5:20:7d:df,-58|ac:71:2e:2a:83:b8,-64|ac:71:2e:2a:83:bd,-65|ac:71:2e:2a:83:bc,-66|ac:f8:cc:c7:1a:d4,-73|c4:e5:32:ea:8a:dc,-85|00:54:af:ad:57:ee,-85|14:c9:cf:c0:a7:9f,-86","20%","NO"
"02/10/2025 12:28:09","02/10/2025 12:28:08","51.4927946, -0.2542539","41","wifi","-12 dBm","2454_6257176_234_30","0","LTE","9c:31:c3:32:f1:2a,-1000|c0:06:c3:25:75:16,-1000|28:ee:52:ce:fb:8e,-85|ac:71:2e:2a:83:b9,-64|ac:71:2e:2a:83:bb,-65|ac:71:2e:2a:83:ba,-65|d8:ec:e5:20:7d:df,-58|ac:71:2e:2a:83:b8,-64|ac:71:2e:2a:83:bd,-65|ac:71:2e:2a:83:bc,-66|ac:f8:cc:c7:1a:d4,-73|c4:e5:32:ea:8a:dc,-85|00:54:af:ad:57:ee,-85|14:c9:cf:c0:a7:9f,-86","20%","NO"
"02/10/2025 12:27:22","02/10/2025 12:27:17","51.492521, -0.256837","64","wifi","-15 dBm","2454_6294040_234_30","0","LTE","9c:31:c3:32:f1:2a,-1000|c0:06:c3:25:75:16,-1000|28:ee:52:ce:fb:8e,-79|ac:71:2e:2a:83:b9,-81|94:ff:3c:db:d8:db,-81|94:ff:3c:db:d8:dd,-82|94:ff:3c:db:d8:da,-82|94:ff:3c:db:d8:dc,-83|d8:ec:e5:20:7d:df,-83|94:18:65:c2:c8:a2,-83|26:18:0a:32:91:ac,-84|c4:e5:32:ea:8a:dc,-84|94:18:65:c2:c8:a3,-86|94:ff:3c:db:d8:d8,-85","20%","NO"
"02/10/2025 12:26:25","02/10/2025 12:26:24","51.493026, -0.255275","42","wifi","-24 dBm","2454_6294040_234_30","0","LTE","9c:31:c3:32:f1:2a,-1000|c0:06:c3:25:75:16,-1000|a8:a2:37:9b:f9:7c,-85|ac:b6:87:33:84:06,-88|8a:2d:db:03:d8:a3,-85","20%","NO"
"02/10/2025 12:05:02","02/10/2025 12:05:00","51.489804, -0.261031","192","wifi","-25 dBm","65534_9365784_234_30","0","LTE","9c:31:c3:32:f1:2a,-1000|c0:06:c3:25:75:16,-67|80:bc:37:48:c9:93,-61|80:bc:37:48:c9:94,-62|fa:b4:6a:69:8b:19,-64|80:69:1a:09:b3:c6,-73|26:3f:0b:da:64:88,-81|3c:7c:3f:da:bb:38,-82|5e:62:5a:ee:c3:34,-86|80:bc:37:48:c9:91,-61|80:bc:37:48:c9:90,-61","22%","NO"
"02/10/2025 11:53:01","02/10/2025 11:53:00","51.489804, -0.261031","192","wifi","-26 dBm","65534_9365784_234_30","0","LTE","9c:31:c3:32:f1:2a,-1000|c0:06:c3:25:75:16,-75|80:bc:37:48:c9:93,-61|80:bc:37:48:c9:94,-62|fa:b4:6a:69:8b:19,-64|80:69:1a:09:b3:c6,-73|26:3f:0b:da:64:88,-81|3c:7c:3f:da:bb:38,-82|5e:62:5a:ee:c3:34,-86|80:bc:37:48:c9:91,-61|80:bc:37:48:c9:90,-61","23%","NO"
"02/10/2025 11:43:45","02/10/2025 11:43:44","51.489804, -0.261031","192","wifi","-22 dBm","65534_9365784_234_30","0","LTE","9c:31:c3:32:f1:2a,-1000|c0:06:c3:25:75:16,-65|80:bc:37:48:c9:93,-61|80:bc:37:48:c9:94,-62|fa:b4:6a:69:8b:19,-64|80:69:1a:09:b3:c6,-73|26:3f:0b:da:64:88,-81|3c:7c:3f:da:bb:38,-82|5e:62:5a:ee:c3:34,-86|80:bc:37:48:c9:91,-61|80:bc:37:48:c9:90,-61","23%","NO"
"02/10/2025 11:19:26","02/10/2025 11:19:25","51.489804, -0.261031","192","wifi","-24 dBm","65534_9365784_234_30","0","LTE","9c:31:c3:32:f1:2a,-1000|c0:06:c3:25:75:16,-72|80:bc:37:48:c9:93,-61|80:bc:37:48:c9:94,-62|fa:b4:6a:69:8b:19,-64|80:69:1a:09:b3:c6,-73|26:3f:0b:da:64:88,-81|3c:7c:3f:da:bb:38,-82|5e:62:5a:ee:c3:34,-86|80:bc:37:48:c9:91,-61|80:bc:37:48:c9:90,-61","25%","NO"
"02/10/2025 11:19:02","02/10/2025 11:18:58","51.489804, -0.261031","192","wifi","null dBm","null_null_null_null","0","GSM","","25%","NO"
"02/10/2025 11:18:59","02/10/2025 11:18:58","51.489804, -0.261031","192","wifi","-21 dBm","65534_9365784_234_30","0","LTE","9c:31:c3:32:f1:2a,-1000|c0:06:c3:25:75:16,-68|80:bc:37:48:c9:93,-61|80:bc:37:48:c9:94,-62|fa:b4:6a:69:8b:19,-64|80:69:1a:09:b3:c6,-73|26:3f:0b:da:64:88,-81|3c:7c:3f:da:bb:38,-82|5e:62:5a:ee:c3:34,-86|80:bc:37:48:c9:91,-61|80:bc:37:48:c9:90,-61","25%","NO"
"02/10/2025 11:18:03","02/10/2025 11:18:00","51.489804, -0.261031","192","wifi","-23 dBm","65534_9365784_234_30","0","LTE","9c:31:c3:32:f1:2a,-1000|c0:06:c3:25:75:16,-69|80:bc:37:48:c9:93,-61|80:bc:37:48:c9:94,-62|fa:b4:6a:69:8b:19,-64|80:69:1a:09:b3:c6,-73|26:3f:0b:da:64:88,-81|3c:7c:3f:da:bb:38,-82|5e:62:5a:ee:c3:34,-86|80:bc:37:48:c9:91,-61|80:bc:37:48:c9:90,-61","26%","NO"
"01/10/2025 15:32:19","01/10/2025 15:32:17","51.489804, -0.261031","192","wifi","-26 dBm","9910_9365784_234_30","0","LTE","9c:31:c3:32:f1:2a,-1000|80:bc:37:48:c9:94,-65|80:bc:37:48:c9:93,-65|80:69:1a:09:b3:c6,-68|fa:b4:6a:69:8b:19,-68|c0:06:c3:25:75:16,-68|fe:3f:db:cf:67:b6,-81|3c:7c:3f:da:bb:38,-83|80:bc:37:48:c9:90,-65|80:bc:37:48:c9:91,-65","59%","NO"
"01/10/2025 15:20:38","01/10/2025 15:20:36","51.489804, -0.261031","192","wifi","-26 dBm","9910_9365784_234_30","0","LTE","9c:31:c3:32:f1:2a,-1000|80:bc:37:48:c9:94,-61|80:bc:37:48:c9:93,-61|c0:06:c3:25:75:16,-65|fa:b4:6a:69:8b:19,-67|80:69:1a:09:b3:c6,-68|00:1d:aa:be:55:c0,-82|26:3f:0b:da:64:88,-83|80:bc:37:48:c9:91,-61|80:bc:37:48:c9:90,-61","60%","NO"
"01/10/2025 14:53:27","01/10/2025 14:53:25","51.489804, -0.261031","192","wifi","-25 dBm","9910_9365784_234_30","0","LTE","9c:31:c3:32:f1:2a,-1000|c0:06:c3:25:75:16,-74|80:69:1a:09:b3:c6,-74|fe:3f:db:cf:67:b6,-75|80:bc:37:4c:a6:23,-83|26:3f:0b:da:64:88,-84|80:bc:37:48:c9:91,-72|80:bc:37:48:c9:90,-72","60%","NO"
"01/10/2025 14:42:03","01/10/2025 14:42:01","51.489804, -0.261031","192","wifi","-26 dBm","9910_9365784_234_30","0","LTE","9c:31:c3:32:f1:2a,-1000|fa:b4:6a:69:8b:19,-58|c0:06:c3:25:75:16,-61|80:bc:37:48:c9:94,-62|80:bc:37:48:c9:93,-62|80:69:1a:09:b3:c6,-74|3c:7c:3f:da:bb:38,-78|80:bc:37:48:c9:90,-62|80:bc:37:48:c9:91,-62","60%","NO"
"01/10/2025 14:29:53","01/10/2025 14:29:51","51.489804, -0.261031","192","wifi","-25 dBm","9910_9365784_234_30","0","LTE","9c:31:c3:32:f1:2a,-1000|c0:06:c3:25:75:16,-62|80:bc:37:48:c9:94,-65|80:bc:37:48:c9:93,-65|80:69:1a:09:b3:c6,-70|80:bc:37:48:c9:90,-64|80:bc:37:48:c9:91,-65","61%","NO"
"01/10/2025 14:19:29","01/10/2025 14:19:27","51.489804, -0.261031","192","wifi","-26 dBm","9910_9365784_234_30","0","LTE","9c:31:c3:32:f1:2a,-1000|c0:06:c3:25:75:16,-62|80:bc:37:48:c9:93,-63|fa:b4:6a:69:8b:19,-63|80:bc:37:48:c9:94,-63|80:69:1a:09:b3:c6,-71|fe:3f:db:cf:67:b6,-82|80:bc:37:48:c9:91,-63|80:bc:37:48:c9:90,-63","61%","NO"
"01/10/2025 12:37:26","01/10/2025 12:37:24","51.489804, -0.261031","192","wifi","-25 dBm","9910_9365784_234_30","0","LTE","9c:31:c3:32:f1:2a,-1000|80:bc:37:48:c9:94,-67|80:bc:37:48:c9:93,-67|c0:06:c3:25:75:16,-70|80:69:1a:09:b3:c6,-73|80:bc:37:48:c9:90,-67|80:bc:37:48:c9:91,-67","62%","NO"
"01/10/2025 12:24:33","01/10/2025 12:24:31","51.489804, -0.261031","192","wifi","-25 dBm","9910_9365784_234_30","0","LTE","9c:31:c3:32:f1:2a,-1000|80:bc:37:48:c9:94,-67|80:bc:37:48:c9:93,-67|c0:06:c3:25:75:16,-70|80:69:1a:09:b3:c6,-73|80:bc:37:48:c9:90,-67|80:bc:37:48:c9:91,-67","63%","NO"
"01/10/2025 11:58:25","01/10/2025 11:58:24","51.489804, -0.261031","192","wifi","-26 dBm","9910_9365784_234_30","0","LTE","9c:31:c3:32:f1:2a,-1000|c0:06:c3:25:75:16,-66|80:69:1a:09:b3:c6,-77|fa:b4:6a:69:8b:19,-63|80:bc:37:48:c9:93,-59|80:bc:37:48:c9:94,-59|80:bc:37:48:c9:91,-59|80:bc:37:48:c9:90,-59|00:22:6c:1b:0d:92,-86","63%","NO"
"01/10/2025 10:52:02","01/10/2025 10:52:00","51.489804, -0.261031","192","wifi","-24 dBm","9910_9365784_234_30","0","LTE","9c:31:c3:32:f1:2a,-1000|80:bc:37:48:c9:94,-63|80:bc:37:48:c9:93,-63|fa:b4:6a:69:8b:19,-65|c0:06:c3:25:75:16,-65|80:69:1a:09:b3:c6,-72|26:3f:0b:da:64:88,-83|fe:3f:db:cf:67:b6,-80|80:bc:37:48:c9:90,-63|80:bc:37:48:c9:91,-63|3c:7c:3f:da:bb:38,-86|00:22:6c:1b:0d:92,-84","63%","NO"
"01/10/2025 10:48:01","01/10/2025 10:48:00","51.489804, -0.261031","192","wifi","-14 dBm","2354_3614984_234_30","0","LTE","9c:31:c3:32:f1:2a,-1000|80:bc:37:48:c9:94,-63|80:bc:37:48:c9:93,-63|fa:b4:6a:69:8b:19,-65|c0:06:c3:25:75:16,-65|80:69:1a:09:b3:c6,-72|26:3f:0b:da:64:88,-83|fe:3f:db:cf:67:b6,-80|80:bc:37:48:c9:90,-63|80:bc:37:48:c9:91,-63|3c:7c:3f:da:bb:38,-86|00:22:6c:1b:0d:92,-84","64%","NO"
"01/10/2025 10:46:47","01/10/2025 10:46:46","51.489804, -0.261031","192","wifi","-20 dBm","2354_3614987_234_30","0","LTE","9c:31:c3:32:f1:2a,-1000|80:bc:37:48:c9:94,-63|80:bc:37:48:c9:93,-63|fa:b4:6a:69:8b:19,-65|c0:06:c3:25:75:16,-65|80:69:1a:09:b3:c6,-72|26:3f:0b:da:64:88,-83|fe:3f:db:cf:67:b6,-80|80:bc:37:48:c9:90,-63|80:bc:37:48:c9:91,-63|3c:7c:3f:da:bb:38,-86|00:22:6c:1b:0d:92,-84","64%","NO"
"01/10/2025 10:38:08","01/10/2025 10:38:06","51.489804, -0.261031","192","wifi","-21 dBm","2354_3614987_234_30","0","LTE","9c:31:c3:32:f1:2a,-1000|80:bc:37:48:c9:94,-63|80:bc:37:48:c9:93,-63|fa:b4:6a:69:8b:19,-65|c0:06:c3:25:75:16,-65|80:69:1a:09:b3:c6,-72|26:3f:0b:da:64:88,-83|fe:3f:db:cf:67:b6,-80|80:bc:37:48:c9:90,-63|80:bc:37:48:c9:91,-63|3c:7c:3f:da:bb:38,-86|00:22:6c:1b:0d:92,-84","64%","NO"
"01/10/2025 10:23:01","01/10/2025 10:23:00","51.489804, -0.261031","192","wifi","-18 dBm","2354_3614987_234_30","0","LTE","9c:31:c3:32:f1:2a,-1000|80:bc:37:48:c9:94,-63|80:bc:37:48:c9:93,-63|fa:b4:6a:69:8b:19,-65|c0:06:c3:25:75:16,-65|80:69:1a:09:b3:c6,-72|26:3f:0b:da:64:88,-83|fe:3f:db:cf:67:b6,-80|80:bc:37:48:c9:90,-63|80:bc:37:48:c9:91,-63|3c:7c:3f:da:bb:38,-86|00:22:6c:1b:0d:92,-84","64%","NO"
"01/10/2025 10:19:32","01/10/2025 10:19:31","51.489804, -0.261031","192","wifi","-21 dBm","2354_3614987_234_30","0","LTE","9c:31:c3:32:f1:2a,-1000|80:bc:37:48:c9:94,-63|80:bc:37:48:c9:93,-63|fa:b4:6a:69:8b:19,-65|c0:06:c3:25:75:16,-65|80:69:1a:09:b3:c6,-72|26:3f:0b:da:64:88,-83|fe:3f:db:cf:67:b6,-80|80:bc:37:48:c9:90,-63|80:bc:37:48:c9:91,-63|3c:7c:3f:da:bb:38,-86|00:22:6c:1b:0d:92,-84","64%","NO"
"01/10/2025 10:19:08","01/10/2025 10:19:00","51.489804, -0.261031","192","wifi","-3 dBm","9910_9364504_234_30","0","LTE","9c:31:c3:32:f1:2a,-1000|80:bc:37:48:c9:94,-63|80:bc:37:48:c9:93,-63|fa:b4:6a:69:8b:19,-65|c0:06:c3:25:75:16,-65|80:69:1a:09:b3:c6,-72|26:3f:0b:da:64:88,-83|fe:3f:db:cf:67:b6,-80|80:bc:37:48:c9:90,-63|80:bc:37:48:c9:91,-63|3c:7c:3f:da:bb:38,-86|00:22:6c:1b:0d:92,-84","64%","NO"
"01/10/2025 09:42:01","01/10/2025 09:42:00","51.489804, -0.261031","192","wifi","-25 dBm","9910_9365784_234_30","0","LTE","9c:31:c3:32:f1:2a,-1000|80:bc:37:48:c9:93,-66|80:bc:37:48:c9:94,-66|c0:06:c3:25:75:16,-67|fa:b4:6a:69:8b:19,-65|80:69:1a:09:b3:c6,-75|00:1d:aa:be:55:c0,-81|3c:7c:3f:da:bb:38,-80|80:bc:37:48:c9:90,-66|80:bc:37:48:c9:91,-67|de:cd:2f:7d:e5:89,-70|26:3f:0b:da:64:88,-83","64%","NO"
"01/10/2025 09:41:02","01/10/2025 09:41:00","51.4920005798339840, -0.2617556452751160","5","gps","-26 dBm","9910_9364504_234_30","0","LTE","9c:31:c3:32:f1:2a,-1000|80:bc:37:48:c9:93,-66|80:bc:37:48:c9:94,-66|c0:06:c3:25:75:16,-67|fa:b4:6a:69:8b:19,-65|80:69:1a:09:b3:c6,-75|00:1d:aa:be:55:c0,-81|3c:7c:3f:da:bb:38,-80|80:bc:37:48:c9:90,-66|80:bc:37:48:c9:91,-67|de:cd:2f:7d:e5:89,-70|26:3f:0b:da:64:88,-83","64%","NO"
"01/10/2025 09:39:01","01/10/2025 09:39:00","51.4915924072265620, -0.2642453014850616","5","gps","-15 dBm","2454_3908874_234_30","0","LTE","9c:31:c3:32:f1:2a,-1000|80:bc:37:48:c9:93,-66|80:bc:37:48:c9:94,-66|c0:06:c3:25:75:16,-67|fa:b4:6a:69:8b:19,-65|80:69:1a:09:b3:c6,-75|00:1d:aa:be:55:c0,-81|3c:7c:3f:da:bb:38,-80|80:bc:37:48:c9:90,-66|80:bc:37:48:c9:91,-67|de:cd:2f:7d:e5:89,-70|26:3f:0b:da:64:88,-83","64%","NO"
"01/10/2025 09:37:01","01/10/2025 09:37:00","51.4907531738281250, -0.2657490372657776","5","gps","-16 dBm","2454_3908874_234_30","0","LTE","9c:31:c3:32:f1:2a,-1000|80:bc:37:48:c9:93,-66|80:bc:37:48:c9:94,-66|c0:06:c3:25:75:16,-67|fa:b4:6a:69:8b:19,-65|80:69:1a:09:b3:c6,-75|00:1d:aa:be:55:c0,-81|3c:7c:3f:da:bb:38,-80|80:bc:37:48:c9:90,-66|80:bc:37:48:c9:91,-67|de:cd:2f:7d:e5:89,-70|26:3f:0b:da:64:88,-83","65%","NO"
"01/10/2025 09:35:02","01/10/2025 09:35:00","51.4891853332519530, -0.2663362920284271","5","gps","-20 dBm","2454_3908874_234_30","0","LTE","9c:31:c3:32:f1:2a,-1000|80:bc:37:48:c9:93,-66|80:bc:37:48:c9:94,-66|c0:06:c3:25:75:16,-67|fa:b4:6a:69:8b:19,-65|80:69:1a:09:b3:c6,-75|00:1d:aa:be:55:c0,-81|3c:7c:3f:da:bb:38,-80|80:bc:37:48:c9:90,-66|80:bc:37:48:c9:91,-67|de:cd:2f:7d:e5:89,-70|26:3f:0b:da:64:88,-83","65%","NO"
"01/10/2025 09:33:01","01/10/2025 09:33:00","51.4874191284179690, -0.2672717273235321","5","gps","-14 dBm","2454_3908874_234_30","0","LTE","9c:31:c3:32:f1:2a,-1000|80:bc:37:48:c9:93,-66|80:bc:37:48:c9:94,-66|c0:06:c3:25:75:16,-67|fa:b4:6a:69:8b:19,-65|80:69:1a:09:b3:c6,-75|00:1d:aa:be:55:c0,-81|3c:7c:3f:da:bb:38,-80|80:bc:37:48:c9:90,-66|80:bc:37:48:c9:91,-67|de:cd:2f:7d:e5:89,-70|26:3f:0b:da:64:88,-83","65%","NO"
"01/10/2025 09:30:02","01/10/2025 09:30:00","51.4860763549804690, -0.2682426571846008","5","gps","-20 dBm","2454_3908874_234_30","0","LTE","9c:31:c3:32:f1:2a,-1000|80:bc:37:48:c9:93,-66|80:bc:37:48:c9:94,-66|c0:06:c3:25:75:16,-67|fa:b4:6a:69:8b:19,-65|80:69:1a:09:b3:c6,-75|00:1d:aa:be:55:c0,-81|3c:7c:3f:da:bb:38,-80|80:bc:37:48:c9:90,-66|80:bc:37:48:c9:91,-67|de:cd:2f:7d:e5:89,-70|26:3f:0b:da:64:88,-83","65%","NO"
"01/10/2025 09:28:01","01/10/2025 09:28:00","51.4846115112304690, -0.2691340744495392","5","gps","-12 dBm","2454_3908868_234_30","0","LTE","9c:31:c3:32:f1:2a,-1000|80:bc:37:48:c9:93,-66|80:bc:37:48:c9:94,-66|c0:06:c3:25:75:16,-67|fa:b4:6a:69:8b:19,-65|80:69:1a:09:b3:c6,-75|00:1d:aa:be:55:c0,-81|3c:7c:3f:da:bb:38,-80|80:bc:37:48:c9:90,-66|80:bc:37:48:c9:91,-67|de:cd:2f:7d:e5:89,-70|26:3f:0b:da:64:88,-83","65%","NO"
"01/10/2025 09:26:01","01/10/2025 09:26:00","51.4833450317382810, -0.2699842751026154","5","gps","-11 dBm","2454_7455751_234_30","0","LTE","9c:31:c3:32:f1:2a,-1000|80:bc:37:48:c9:93,-66|80:bc:37:48:c9:94,-66|c0:06:c3:25:75:16,-67|fa:b4:6a:69:8b:19,-65|80:69:1a:09:b3:c6,-75|00:1d:aa:be:55:c0,-81|3c:7c:3f:da:bb:38,-80|80:bc:37:48:c9:90,-66|80:bc:37:48:c9:91,-67|de:cd:2f:7d:e5:89,-70|26:3f:0b:da:64:88,-83","65%","NO"
"01/10/2025 09:24:01","01/10/2025 09:24:00","51.4818382263183590, -0.2704432904720306","5","gps","-16 dBm","2454_7455754_234_30","0","LTE","9c:31:c3:32:f1:2a,-1000|80:bc:37:48:c9:93,-66|80:bc:37:48:c9:94,-66|c0:06:c3:25:75:16,-67|fa:b4:6a:69:8b:19,-65|80:69:1a:09:b3:c6,-75|00:1d:aa:be:55:c0,-81|3c:7c:3f:da:bb:38,-80|80:bc:37:48:c9:90,-66|80:bc:37:48:c9:91,-67|de:cd:2f:7d:e5:89,-70|26:3f:0b:da:64:88,-83","65%","NO"
"01/10/2025 09:22:01","01/10/2025 09:22:00","51.4817543029785160, -0.2693904042243958","5","gps","-6 dBm","2448_2859781_234_30","0","LTE","9c:31:c3:32:f1:2a,-1000|80:bc:37:48:c9:93,-66|80:bc:37:48:c9:94,-66|c0:06:c3:25:75:16,-67|fa:b4:6a:69:8b:19,-65|80:69:1a:09:b3:c6,-75|00:1d:aa:be:55:c0,-81|3c:7c:3f:da:bb:38,-80|80:bc:37:48:c9:90,-66|80:bc:37:48:c9:91,-67|de:cd:2f:7d:e5:89,-70|26:3f:0b:da:64:88,-83","65%","NO"
"01/10/2025 09:20:59","01/10/2025 09:20:58","51.489804, -0.261031","192","wifi","-5 dBm","2454_3908874_234_30","0","LTE","9c:31:c3:32:f1:2a,-1000|80:bc:37:48:c9:93,-66|80:bc:37:48:c9:94,-66|c0:06:c3:25:75:16,-67|fa:b4:6a:69:8b:19,-65|80:69:1a:09:b3:c6,-75|00:1d:aa:be:55:c0,-81|3c:7c:3f:da:bb:38,-80|80:bc:37:48:c9:90,-66|80:bc:37:48:c9:91,-67|de:cd:2f:7d:e5:89,-70|26:3f:0b:da:64:88,-83","65%","NO"
"01/10/2025 09:19:01","01/10/2025 09:19:00","51.489804, -0.261031","192","wifi","-15 dBm","2448_2859785_234_30","0","LTE","9c:31:c3:32:f1:2a,-1000|80:bc:37:48:c9:93,-66|80:bc:37:48:c9:94,-66|c0:06:c3:25:75:16,-67|fa:b4:6a:69:8b:19,-65|80:69:1a:09:b3:c6,-75|00:1d:aa:be:55:c0,-81|3c:7c:3f:da:bb:38,-80|80:bc:37:48:c9:90,-66|80:bc:37:48:c9:91,-67|de:cd:2f:7d:e5:89,-70|26:3f:0b:da:64:88,-83","66%","NO"
"01/10/2025 09:17:01","01/10/2025 09:17:00","51.489804, -0.261031","192","wifi","-13 dBm","2448_3679764_234_30","0","LTE","9c:31:c3:32:f1:2a,-1000|80:bc:37:48:c9:93,-66|80:bc:37:48:c9:94,-66|c0:06:c3:25:75:16,-67|fa:b4:6a:69:8b:19,-65|80:69:1a:09:b3:c6,-75|00:1d:aa:be:55:c0,-81|3c:7c:3f:da:bb:38,-80|80:bc:37:48:c9:90,-66|80:bc:37:48:c9:91,-67|de:cd:2f:7d:e5:89,-70|26:3f:0b:da:64:88,-83","66%","NO"
"01/10/2025 09:15:02","01/10/2025 09:15:00","51.489804, -0.261031","192","wifi","-16 dBm","2448_6621193_234_30","0","LTE","9c:31:c3:32:f1:2a,-1000|80:bc:37:48:c9:93,-66|80:bc:37:48:c9:94,-66|c0:06:c3:25:75:16,-67|fa:b4:6a:69:8b:19,-65|80:69:1a:09:b3:c6,-75|00:1d:aa:be:55:c0,-81|3c:7c:3f:da:bb:38,-80|80:bc:37:48:c9:90,-66|80:bc:37:48:c9:91,-67|de:cd:2f:7d:e5:89,-70|26:3f:0b:da:64:88,-83","66%","NO"
"01/10/2025 09:03:02","01/10/2025 09:03:00","51.4647293090820310, -0.1718550175428391","5","gps","-9 dBm","2354_3585288_234_30","0","LTE","9c:31:c3:32:f1:2a,-1000|80:bc:37:48:c9:93,-66|80:bc:37:48:c9:94,-66|c0:06:c3:25:75:16,-67|fa:b4:6a:69:8b:19,-65|80:69:1a:09:b3:c6,-75|00:1d:aa:be:55:c0,-81|3c:7c:3f:da:bb:38,-80|80:bc:37:48:c9:90,-66|80:bc:37:48:c9:91,-67|de:cd:2f:7d:e5:89,-70|26:3f:0b:da:64:88,-83","66%","NO"
"01/10/2025 08:52:01","01/10/2025 08:52:00","51.4360771179199220, -0.1402323693037033","5","gps","-22 dBm","2450_3123979_234_30","0","LTE","9c:31:c3:32:f1:2a,-1000|80:bc:37:48:c9:93,-66|80:bc:37:48:c9:94,-66|c0:06:c3:25:75:16,-67|fa:b4:6a:69:8b:19,-65|80:69:1a:09:b3:c6,-75|00:1d:aa:be:55:c0,-81|3c:7c:3f:da:bb:38,-80|80:bc:37:48:c9:90,-66|80:bc:37:48:c9:91,-67|de:cd:2f:7d:e5:89,-70|26:3f:0b:da:64:88,-83","67%","NO"
"01/10/2025 08:51:01","01/10/2025 08:51:00","51.4163627624511720, -0.1444105654954910","5","gps","-23 dBm","2450_9156615_234_30","0","LTE","9c:31:c3:32:f1:2a,-1000|80:bc:37:48:c9:93,-66|80:bc:37:48:c9:94,-66|c0:06:c3:25:75:16,-67|fa:b4:6a:69:8b:19,-65|80:69:1a:09:b3:c6,-75|00:1d:aa:be:55:c0,-81|3c:7c:3f:da:bb:38,-80|80:bc:37:48:c9:90,-66|80:bc:37:48:c9:91,-67|de:cd:2f:7d:e5:89,-70|26:3f:0b:da:64:88,-83","67%","NO"
"01/10/2025 08:47:01","01/10/2025 08:47:00","51.4011077880859380, -0.1582642644643784","5","gps","-14 dBm","2450_2644998_234_30","0","LTE","9c:31:c3:32:f1:2a,-1000|80:bc:37:48:c9:93,-66|80:bc:37:48:c9:94,-66|c0:06:c3:25:75:16,-67|fa:b4:6a:69:8b:19,-65|80:69:1a:09:b3:c6,-75|00:1d:aa:be:55:c0,-81|3c:7c:3f:da:bb:38,-80|80:bc:37:48:c9:90,-66|80:bc:37:48:c9:91,-67|de:cd:2f:7d:e5:89,-70|26:3f:0b:da:64:88,-83","67%","NO"
"01/10/2025 08:43:10","01/10/2025 08:43:00","51.3856506347656250, -0.1528822630643845","5","gps","-1 dBm","2450_2826259_234_30","0","LTE","9c:31:c3:32:f1:2a,-1000|80:bc:37:48:c9:93,-66|80:bc:37:48:c9:94,-66|c0:06:c3:25:75:16,-67|fa:b4:6a:69:8b:19,-65|80:69:1a:09:b3:c6,-75|00:1d:aa:be:55:c0,-81|3c:7c:3f:da:bb:38,-80|80:bc:37:48:c9:90,-66|80:bc:37:48:c9:91,-67|de:cd:2f:7d:e5:89,-70|26:3f:0b:da:64:88,-83","67%","NO"
"01/10/2025 08:39:02","01/10/2025 08:39:00","51.3688507080078120, -0.1650863438844681","5","gps","-1 dBm","2450_2861587_234_30","0","LTE","9c:31:c3:32:f1:2a,-1000|80:bc:37:48:c9:93,-66|80:bc:37:48:c9:94,-66|c0:06:c3:25:75:16,-67|fa:b4:6a:69:8b:19,-65|80:69:1a:09:b3:c6,-75|00:1d:aa:be:55:c0,-81|3c:7c:3f:da:bb:38,-80|80:bc:37:48:c9:90,-66|80:bc:37:48:c9:91,-67|de:cd:2f:7d:e5:89,-70|26:3f:0b:da:64:88,-83","67%","NO"
"01/10/2025 08:35:02","01/10/2025 08:35:00","51.3687133789062500, -0.1659283638000488","5","gps","-19 dBm","2450_2628103_234_30","0","LTE","9c:31:c3:32:f1:2a,-1000|80:bc:37:48:c9:93,-66|80:bc:37:48:c9:94,-66|c0:06:c3:25:75:16,-67|fa:b4:6a:69:8b:19,-65|80:69:1a:09:b3:c6,-75|00:1d:aa:be:55:c0,-81|3c:7c:3f:da:bb:38,-80|80:bc:37:48:c9:90,-66|80:bc:37:48:c9:91,-67|de:cd:2f:7d:e5:89,-70|26:3f:0b:da:64:88,-83","67%","NO"
"01/10/2025 08:34:02","01/10/2025 08:34:00","51.3598022460937500, -0.1908183842897415","5","gps","null dBm","2450_2797573_234_30","0","LTE","9c:31:c3:32:f1:2a,-1000|80:bc:37:48:c9:93,-66|80:bc:37:48:c9:94,-66|c0:06:c3:25:75:16,-67|fa:b4:6a:69:8b:19,-65|80:69:1a:09:b3:c6,-75|00:1d:aa:be:55:c0,-81|3c:7c:3f:da:bb:38,-80|80:bc:37:48:c9:90,-66|80:bc:37:48:c9:91,-67|de:cd:2f:7d:e5:89,-70|26:3f:0b:da:64:88,-83","68%","NO"
"01/10/2025 08:31:01","01/10/2025 08:31:00","51.3598289489746090, -0.1910277456045151","5","gps","-26 dBm","2449_2770439_234_30","0","LTE","9c:31:c3:32:f1:2a,-1000|80:bc:37:48:c9:93,-66|80:bc:37:48:c9:94,-66|c0:06:c3:25:75:16,-67|fa:b4:6a:69:8b:19,-65|80:69:1a:09:b3:c6,-75|00:1d:aa:be:55:c0,-81|3c:7c:3f:da:bb:38,-80|80:bc:37:48:c9:90,-66|80:bc:37:48:c9:91,-67|de:cd:2f:7d:e5:89,-70|26:3f:0b:da:64:88,-83","68%","NO"
"01/10/2025 08:29:01","01/10/2025 08:29:00","51.3583946228027340, -0.1912000328302383","5","gps","-25 dBm","2449_2770442_234_30","0","LTE","9c:31:c3:32:f1:2a,-1000|80:bc:37:48:c9:93,-66|80:bc:37:48:c9:94,-66|c0:06:c3:25:75:16,-67|fa:b4:6a:69:8b:19,-65|80:69:1a:09:b3:c6,-75|00:1d:aa:be:55:c0,-81|3c:7c:3f:da:bb:38,-80|80:bc:37:48:c9:90,-66|80:bc:37:48:c9:91,-67|de:cd:2f:7d:e5:89,-70|26:3f:0b:da:64:88,-83","68%","NO"
"01/10/2025 08:27:01","01/10/2025 08:27:00","51.3567390441894530, -0.1916782557964325","5","gps","-21 dBm","2449_2770442_234_30","0","LTE","9c:31:c3:32:f1:2a,-1000|80:bc:37:48:c9:93,-66|80:bc:37:48:c9:94,-66|c0:06:c3:25:75:16,-67|fa:b4:6a:69:8b:19,-65|80:69:1a:09:b3:c6,-75|00:1d:aa:be:55:c0,-81|3c:7c:3f:da:bb:38,-80|80:bc:37:48:c9:90,-66|80:bc:37:48:c9:91,-67|de:cd:2f:7d:e5:89,-70|26:3f:0b:da:64:88,-83","68%","NO"
"01/10/2025 08:25:02","01/10/2025 08:25:00","51.3550376892089840, -0.1919715851545334","5","gps","-18 dBm","2449_3581962_234_30","0","LTE","9c:31:c3:32:f1:2a,-1000|80:bc:37:48:c9:93,-66|80:bc:37:48:c9:94,-66|c0:06:c3:25:75:16,-67|fa:b4:6a:69:8b:19,-65|80:69:1a:09:b3:c6,-75|00:1d:aa:be:55:c0,-81|3c:7c:3f:da:bb:38,-80|80:bc:37:48:c9:90,-66|80:bc:37:48:c9:91,-67|de:cd:2f:7d:e5:89,-70|26:3f:0b:da:64:88,-83","68%","NO"
"01/10/2025 08:23:01","01/10/2025 08:23:00","51.355395, -0.187821","19","wifi","-19 dBm","2449_3581962_234_30","0","LTE","9c:31:c3:32:f1:2a,-1000|80:bc:37:48:c9:93,-66|80:bc:37:48:c9:94,-66|c0:06:c3:25:75:16,-67|fa:b4:6a:69:8b:19,-65|80:69:1a:09:b3:c6,-75|00:1d:aa:be:55:c0,-81|3c:7c:3f:da:bb:38,-80|80:bc:37:48:c9:90,-66|80:bc:37:48:c9:91,-67|de:cd:2f:7d:e5:89,-70|26:3f:0b:da:64:88,-83","69%","NO"
"01/10/2025 08:21:01","01/10/2025 08:21:00","51.3554267883300780, -0.1882274895906448","5","gps","-25 dBm","2449_3581962_234_30","0","LTE","9c:31:c3:32:f1:2a,-1000|80:bc:37:48:c9:93,-66|80:bc:37:48:c9:94,-66|c0:06:c3:25:75:16,-67|fa:b4:6a:69:8b:19,-65|80:69:1a:09:b3:c6,-75|00:1d:aa:be:55:c0,-81|3c:7c:3f:da:bb:38,-80|80:bc:37:48:c9:90,-66|80:bc:37:48:c9:91,-67|de:cd:2f:7d:e5:89,-70|26:3f:0b:da:64:88,-83","69%","NO"
"01/10/2025 08:20:02","01/10/2025 08:20:00","51.3555183410644530, -0.1874443888664246","5","gps","-21 dBm","2449_3581956_234_30","0","LTE","9c:31:c3:32:f1:2a,-1000|80:bc:37:48:c9:93,-66|80:bc:37:48:c9:94,-66|c0:06:c3:25:75:16,-67|fa:b4:6a:69:8b:19,-65|80:69:1a:09:b3:c6,-75|00:1d:aa:be:55:c0,-81|3c:7c:3f:da:bb:38,-80|80:bc:37:48:c9:90,-66|80:bc:37:48:c9:91,-67|de:cd:2f:7d:e5:89,-70|26:3f:0b:da:64:88,-83","69%","NO"
"01/10/2025 08:12:01","01/10/2025 08:12:00","51.3554191589355470, -0.1872867196798325","5","gps","-23 dBm","2449_3581962_234_30","0","LTE","9c:31:c3:32:f1:2a,-1000|80:bc:37:48:c9:93,-66|80:bc:37:48:c9:94,-66|c0:06:c3:25:75:16,-67|fa:b4:6a:69:8b:19,-65|80:69:1a:09:b3:c6,-75|00:1d:aa:be:55:c0,-81|3c:7c:3f:da:bb:38,-80|80:bc:37:48:c9:90,-66|80:bc:37:48:c9:91,-67|de:cd:2f:7d:e5:89,-70|26:3f:0b:da:64:88,-83","69%","NO"
"01/10/2025 08:06:01","01/10/2025 08:06:00","51.3554229736328120, -0.1872871518135071","5","gps","-24 dBm","2449_3581959_234_30","0","LTE","9c:31:c3:32:f1:2a,-1000|80:bc:37:48:c9:93,-66|80:bc:37:48:c9:94,-66|c0:06:c3:25:75:16,-67|fa:b4:6a:69:8b:19,-65|80:69:1a:09:b3:c6,-75|00:1d:aa:be:55:c0,-81|3c:7c:3f:da:bb:38,-80|80:bc:37:48:c9:90,-66|80:bc:37:48:c9:91,-67|de:cd:2f:7d:e5:89,-70|26:3f:0b:da:64:88,-83","69%","NO"
"01/10/2025 08:02:04","01/10/2025 08:02:00","51.3553390502929690, -0.1873427927494049","5","gps","-15 dBm","2449_3581956_234_30","0","LTE","9c:31:c3:32:f1:2a,-1000|80:bc:37:48:c9:93,-66|80:bc:37:48:c9:94,-66|c0:06:c3:25:75:16,-67|fa:b4:6a:69:8b:19,-65|80:69:1a:09:b3:c6,-75|00:1d:aa:be:55:c0,-81|3c:7c:3f:da:bb:38,-80|80:bc:37:48:c9:90,-66|80:bc:37:48:c9:91,-67|de:cd:2f:7d:e5:89,-70|26:3f:0b:da:64:88,-83","70%","NO"
"01/10/2025 07:00:02","01/10/2025 07:00:00","51.3553886413574220, -0.1872844547033310","5","gps","-25 dBm","2449_3581962_234_30","0","LTE","9c:31:c3:32:f1:2a,-1000|80:bc:37:48:c9:93,-66|80:bc:37:48:c9:94,-66|c0:06:c3:25:75:16,-67|fa:b4:6a:69:8b:19,-65|80:69:1a:09:b3:c6,-75|00:1d:aa:be:55:c0,-81|3c:7c:3f:da:bb:38,-80|80:bc:37:48:c9:90,-66|80:bc:37:48:c9:91,-67|de:cd:2f:7d:e5:89,-70|26:3f:0b:da:64:88,-83","70%","NO"
"01/10/2025 06:54:01","01/10/2025 06:54:00","51.3554306030273440, -0.1872784942388535","5","gps","-23 dBm","2449_3581959_234_30","0","LTE","9c:31:c3:32:f1:2a,-1000|80:bc:37:48:c9:93,-66|80:bc:37:48:c9:94,-66|c0:06:c3:25:75:16,-67|fa:b4:6a:69:8b:19,-65|80:69:1a:09:b3:c6,-75|00:1d:aa:be:55:c0,-81|3c:7c:3f:da:bb:38,-80|80:bc:37:48:c9:90,-66|80:bc:37:48:c9:91,-67|de:cd:2f:7d:e5:89,-70|26:3f:0b:da:64:88,-83","70%","NO"
"01/10/2025 06:24:02","01/10/2025 06:24:00","51.3554191589355470, -0.1873132735490799","5","gps","-11 dBm","2450_2816010_234_30","0","LTE","9c:31:c3:32:f1:2a,-1000|80:bc:37:48:c9:93,-66|80:bc:37:48:c9:94,-66|c0:06:c3:25:75:16,-67|fa:b4:6a:69:8b:19,-65|80:69:1a:09:b3:c6,-75|00:1d:aa:be:55:c0,-81|3c:7c:3f:da:bb:38,-80|80:bc:37:48:c9:90,-66|80:bc:37:48:c9:91,-67|de:cd:2f:7d:e5:89,-70|26:3f:0b:da:64:88,-83","70%","NO"
"01/10/2025 06:20:02","01/10/2025 06:20:00","51.3554267883300780, -0.1872852146625519","5","gps","-21 dBm","2449_3581962_234_30","0","LTE","9c:31:c3:32:f1:2a,-1000|80:bc:37:48:c9:93,-66|80:bc:37:48:c9:94,-66|c0:06:c3:25:75:16,-67|fa:b4:6a:69:8b:19,-65|80:69:1a:09:b3:c6,-75|00:1d:aa:be:55:c0,-81|3c:7c:3f:da:bb:38,-80|80:bc:37:48:c9:90,-66|80:bc:37:48:c9:91,-67|de:cd:2f:7d:e5:89,-70|26:3f:0b:da:64:88,-83","70%","NO"
"01/10/2025 06:16:04","01/10/2025 06:16:00","51.3554458618164060, -0.1872757375240326","5","gps","-25 dBm","2449_3581953_234_30","0","LTE","9c:31:c3:32:f1:2a,-1000|80:bc:37:48:c9:93,-66|80:bc:37:48:c9:94,-66|c0:06:c3:25:75:16,-67|fa:b4:6a:69:8b:19,-65|80:69:1a:09:b3:c6,-75|00:1d:aa:be:55:c0,-81|3c:7c:3f:da:bb:38,-80|80:bc:37:48:c9:90,-66|80:bc:37:48:c9:91,-67|de:cd:2f:7d:e5:89,-70|26:3f:0b:da:64:88,-83","70%","NO"
"01/10/2025 05:45:02","01/10/2025 05:45:00","51.3554496765136720, -0.1872636377811432","5","gps","-25 dBm","2449_3581962_234_30","0","LTE","9c:31:c3:32:f1:2a,-1000|80:bc:37:48:c9:93,-66|80:bc:37:48:c9:94,-66|c0:06:c3:25:75:16,-67|fa:b4:6a:69:8b:19,-65|80:69:1a:09:b3:c6,-75|00:1d:aa:be:55:c0,-81|3c:7c:3f:da:bb:38,-80|80:bc:37:48:c9:90,-66|80:bc:37:48:c9:91,-67|de:cd:2f:7d:e5:89,-70|26:3f:0b:da:64:88,-83","70%","NO"
"01/10/2025 03:38:02","01/10/2025 03:38:00","51.3554039001464840, -0.1872929334640503","5","gps","-22 dBm","2449_3581959_234_30","0","LTE","9c:31:c3:32:f1:2a,-1000|80:bc:37:48:c9:93,-66|80:bc:37:48:c9:94,-66|c0:06:c3:25:75:16,-67|fa:b4:6a:69:8b:19,-65|80:69:1a:09:b3:c6,-75|00:1d:aa:be:55:c0,-81|3c:7c:3f:da:bb:38,-80|80:bc:37:48:c9:90,-66|80:bc:37:48:c9:91,-67|de:cd:2f:7d:e5:89,-70|26:3f:0b:da:64:88,-83","71%","NO"
"01/10/2025 02:49:02","01/10/2025 02:49:00","51.3554229736328120, -0.1872563362121582","5","gps","-19 dBm","2450_2816010_234_30","0","LTE","9c:31:c3:32:f1:2a,-1000|80:bc:37:48:c9:93,-66|80:bc:37:48:c9:94,-66|c0:06:c3:25:75:16,-67|fa:b4:6a:69:8b:19,-65|80:69:1a:09:b3:c6,-75|00:1d:aa:be:55:c0,-81|3c:7c:3f:da:bb:38,-80|80:bc:37:48:c9:90,-66|80:bc:37:48:c9:91,-67|de:cd:2f:7d:e5:89,-70|26:3f:0b:da:64:88,-83","71%","NO"
"01/10/2025 02:45:01","01/10/2025 02:45:00","51.3554306030273440, -0.1872294396162033","5","gps","-20 dBm","2449_3581962_234_30","0","LTE","9c:31:c3:32:f1:2a,-1000|80:bc:37:48:c9:93,-66|80:bc:37:48:c9:94,-66|c0:06:c3:25:75:16,-67|fa:b4:6a:69:8b:19,-65|80:69:1a:09:b3:c6,-75|00:1d:aa:be:55:c0,-81|3c:7c:3f:da:bb:38,-80|80:bc:37:48:c9:90,-66|80:bc:37:48:c9:91,-67|de:cd:2f:7d:e5:89,-70|26:3f:0b:da:64:88,-83","72%","NO"
"01/10/2025 01:02:01","01/10/2025 01:02:00","51.3554954528808590, -0.1872333288192749","5","gps","-24 dBm","2449_3581959_234_30","0","LTE","9c:31:c3:32:f1:2a,-1000|80:bc:37:48:c9:93,-66|80:bc:37:48:c9:94,-66|c0:06:c3:25:75:16,-67|fa:b4:6a:69:8b:19,-65|80:69:1a:09:b3:c6,-75|00:1d:aa:be:55:c0,-81|3c:7c:3f:da:bb:38,-80|80:bc:37:48:c9:90,-66|80:bc:37:48:c9:91,-67|de:cd:2f:7d:e5:89,-70|26:3f:0b:da:64:88,-83","72%","NO"
"30/09/2025 19:23:01","30/09/2025 19:23:00","51.3555297851562500, -0.1875170469284058","5","gps","-15 dBm","2449_3581962_234_30","0","LTE","9c:31:c3:32:f1:2a,-1000|80:bc:37:48:c9:93,-66|80:bc:37:48:c9:94,-66|c0:06:c3:25:75:16,-67|fa:b4:6a:69:8b:19,-65|80:69:1a:09:b3:c6,-75|00:1d:aa:be:55:c0,-81|3c:7c:3f:da:bb:38,-80|80:bc:37:48:c9:90,-66|80:bc:37:48:c9:91,-67|de:cd:2f:7d:e5:89,-70|26:3f:0b:da:64:88,-83","74%","NO"
"30/09/2025 19:20:02","30/09/2025 19:20:00","51.3553199768066410, -0.1895625144243240","5","gps","-22 dBm","2449_3581962_234_30","0","LTE","9c:31:c3:32:f1:2a,-1000|80:bc:37:48:c9:93,-66|80:bc:37:48:c9:94,-66|c0:06:c3:25:75:16,-67|fa:b4:6a:69:8b:19,-65|80:69:1a:09:b3:c6,-75|00:1d:aa:be:55:c0,-81|3c:7c:3f:da:bb:38,-80|80:bc:37:48:c9:90,-66|80:bc:37:48:c9:91,-67|de:cd:2f:7d:e5:89,-70|26:3f:0b:da:64:88,-83","74%","NO"
"30/09/2025 19:18:01","30/09/2025 19:18:00","51.3548965454101560, -0.1916937828063965","5","gps","-25 dBm","2449_3581959_234_30","0","LTE","9c:31:c3:32:f1:2a,-1000|80:bc:37:48:c9:93,-66|80:bc:37:48:c9:94,-66|c0:06:c3:25:75:16,-67|fa:b4:6a:69:8b:19,-65|80:69:1a:09:b3:c6,-75|00:1d:aa:be:55:c0,-81|3c:7c:3f:da:bb:38,-80|80:bc:37:48:c9:90,-66|80:bc:37:48:c9:91,-67|de:cd:2f:7d:e5:89,-70|26:3f:0b:da:64:88,-83","74%","NO"
"30/09/2025 19:16:01","30/09/2025 19:16:00","51.3558273315429690, -0.1915975213050842","5","gps","-26 dBm","2449_3581962_234_30","0","LTE","9c:31:c3:32:f1:2a,-1000|80:bc:37:48:c9:93,-66|80:bc:37:48:c9:94,-66|c0:06:c3:25:75:16,-67|fa:b4:6a:69:8b:19,-65|80:69:1a:09:b3:c6,-75|00:1d:aa:be:55:c0,-81|3c:7c:3f:da:bb:38,-80|80:bc:37:48:c9:90,-66|80:bc:37:48:c9:91,-67|de:cd:2f:7d:e5:89,-70|26:3f:0b:da:64:88,-83","74%","NO"
"30/09/2025 19:14:01","30/09/2025 19:14:00","51.3572921752929690, -0.1911155283451080","5","gps","-15 dBm","2449_10664984_234_30","0","LTE","9c:31:c3:32:f1:2a,-1000|80:bc:37:48:c9:93,-66|80:bc:37:48:c9:94,-66|c0:06:c3:25:75:16,-67|fa:b4:6a:69:8b:19,-65|80:69:1a:09:b3:c6,-75|00:1d:aa:be:55:c0,-81|3c:7c:3f:da:bb:38,-80|80:bc:37:48:c9:90,-66|80:bc:37:48:c9:91,-67|de:cd:2f:7d:e5:89,-70|26:3f:0b:da:64:88,-83","74%","NO"
"30/09/2025 19:06:01","30/09/2025 19:06:00","51.3590965270996090, -0.1910942196846008","5","gps","-23 dBm","2449_2770442_234_30","0","LTE","9c:31:c3:32:f1:2a,-1000|80:bc:37:48:c9:93,-66|80:bc:37:48:c9:94,-66|c0:06:c3:25:75:16,-67|fa:b4:6a:69:8b:19,-65|80:69:1a:09:b3:c6,-75|00:1d:aa:be:55:c0,-81|3c:7c:3f:da:bb:38,-80|80:bc:37:48:c9:90,-66|80:bc:37:48:c9:91,-67|de:cd:2f:7d:e5:89,-70|26:3f:0b:da:64:88,-83","74%","NO"
"30/09/2025 19:00:02","30/09/2025 19:00:00","51.3611831665039060, -0.1816128641366959","5","gps","-15 dBm","2449_2630154_234_30","0","LTE","9c:31:c3:32:f1:2a,-1000|80:bc:37:48:c9:93,-66|80:bc:37:48:c9:94,-66|c0:06:c3:25:75:16,-67|fa:b4:6a:69:8b:19,-65|80:69:1a:09:b3:c6,-75|00:1d:aa:be:55:c0,-81|3c:7c:3f:da:bb:38,-80|80:bc:37:48:c9:90,-66|80:bc:37:48:c9:91,-67|de:cd:2f:7d:e5:89,-70|26:3f:0b:da:64:88,-83","75%","NO"
"30/09/2025 18:59:02","30/09/2025 18:59:00","51.3693504333496090, -0.1633176058530807","5","gps","-11 dBm","2450_2816010_234_30","0","LTE","9c:31:c3:32:f1:2a,-1000|80:bc:37:48:c9:93,-66|80:bc:37:48:c9:94,-66|c0:06:c3:25:75:16,-67|fa:b4:6a:69:8b:19,-65|80:69:1a:09:b3:c6,-75|00:1d:aa:be:55:c0,-81|3c:7c:3f:da:bb:38,-80|80:bc:37:48:c9:90,-66|80:bc:37:48:c9:91,-67|de:cd:2f:7d:e5:89,-70|26:3f:0b:da:64:88,-83","75%","NO"
"30/09/2025 18:56:01","30/09/2025 18:56:00","51.3891220092773440, -0.1525531560182571","5","gps","-25 dBm","2450_2743049_234_30","0","LTE","9c:31:c3:32:f1:2a,-1000|80:bc:37:48:c9:93,-66|80:bc:37:48:c9:94,-66|c0:06:c3:25:75:16,-67|fa:b4:6a:69:8b:19,-65|80:69:1a:09:b3:c6,-75|00:1d:aa:be:55:c0,-81|3c:7c:3f:da:bb:38,-80|80:bc:37:48:c9:90,-66|80:bc:37:48:c9:91,-67|de:cd:2f:7d:e5:89,-70|26:3f:0b:da:64:88,-83","75%","NO"
"30/09/2025 18:52:02","30/09/2025 18:52:00","51.4061965942382810, -0.1555405557155609","5","gps","-3 dBm","2450_2826244_234_30","0","LTE","9c:31:c3:32:f1:2a,-1000|80:bc:37:48:c9:93,-66|80:bc:37:48:c9:94,-66|c0:06:c3:25:75:16,-67|fa:b4:6a:69:8b:19,-65|80:69:1a:09:b3:c6,-75|00:1d:aa:be:55:c0,-81|3c:7c:3f:da:bb:38,-80|80:bc:37:48:c9:90,-66|80:bc:37:48:c9:91,-67|de:cd:2f:7d:e5:89,-70|26:3f:0b:da:64:88,-83","75%","NO"
"30/09/2025 18:48:01","30/09/2025 18:48:00","51.4219779968261720, -0.1379004567861557","5","gps","-13 dBm","2450_2645000_234_30","0","LTE","9c:31:c3:32:f1:2a,-1000|80:bc:37:48:c9:93,-66|80:bc:37:48:c9:94,-66|c0:06:c3:25:75:16,-67|fa:b4:6a:69:8b:19,-65|80:69:1a:09:b3:c6,-75|00:1d:aa:be:55:c0,-81|3c:7c:3f:da:bb:38,-80|80:bc:37:48:c9:90,-66|80:bc:37:48:c9:91,-67|de:cd:2f:7d:e5:89,-70|26:3f:0b:da:64:88,-83","75%","NO"
"30/09/2025 18:42:02","30/09/2025 18:42:00","51.4430656433105470, -0.1514891982078552","5","gps","-2 dBm","2450_2679559_234_30","0","LTE","9c:31:c3:32:f1:2a,-1000|80:bc:37:48:c9:93,-66|80:bc:37:48:c9:94,-66|c0:06:c3:25:75:16,-67|fa:b4:6a:69:8b:19,-65|80:69:1a:09:b3:c6,-75|00:1d:aa:be:55:c0,-81|3c:7c:3f:da:bb:38,-80|80:bc:37:48:c9:90,-66|80:bc:37:48:c9:91,-67|de:cd:2f:7d:e5:89,-70|26:3f:0b:da:64:88,-83","75%","NO"
"30/09/2025 18:36:01","30/09/2025 18:36:00","51.4640922546386720, -0.1696808189153671","5","gps","-8 dBm","2448_4072711_234_30","0","LTE","9c:31:c3:32:f1:2a,-1000|80:bc:37:48:c9:93,-66|80:bc:37:48:c9:94,-66|c0:06:c3:25:75:16,-67|fa:b4:6a:69:8b:19,-65|80:69:1a:09:b3:c6,-75|00:1d:aa:be:55:c0,-81|3c:7c:3f:da:bb:38,-80|80:bc:37:48:c9:90,-66|80:bc:37:48:c9:91,-67|de:cd:2f:7d:e5:89,-70|26:3f:0b:da:64:88,-83","75%","NO"
"30/09/2025 18:32:01","30/09/2025 18:32:00","51.4640922546386720, -0.1696808189153671","5","gps","-3 dBm","2448_2677256_234_30","0","LTE","9c:31:c3:32:f1:2a,-1000|80:bc:37:48:c9:93,-66|80:bc:37:48:c9:94,-66|c0:06:c3:25:75:16,-67|fa:b4:6a:69:8b:19,-65|80:69:1a:09:b3:c6,-75|00:1d:aa:be:55:c0,-81|3c:7c:3f:da:bb:38,-80|80:bc:37:48:c9:90,-66|80:bc:37:48:c9:91,-67|de:cd:2f:7d:e5:89,-70|26:3f:0b:da:64:88,-83","75%","NO"
"30/09/2025 18:29:04","30/09/2025 18:29:00","51.4620704650878910, -0.1826874315738678","5","gps","null dBm","2448_2677259_234_30","0","LTE","9c:31:c3:32:f1:2a,-1000|80:bc:37:48:c9:93,-66|80:bc:37:48:c9:94,-66|c0:06:c3:25:75:16,-67|fa:b4:6a:69:8b:19,-65|80:69:1a:09:b3:c6,-75|00:1d:aa:be:55:c0,-81|3c:7c:3f:da:bb:38,-80|80:bc:37:48:c9:90,-66|80:bc:37:48:c9:91,-67|de:cd:2f:7d:e5:89,-70|26:3f:0b:da:64:88,-83","75%","NO"
"30/09/2025 18:27:01","30/09/2025 18:27:00","51.489804, -0.261031","192","wifi","-20 dBm","2448_3089161_234_30","0","LTE","9c:31:c3:32:f1:2a,-1000|80:bc:37:48:c9:93,-66|80:bc:37:48:c9:94,-66|c0:06:c3:25:75:16,-67|fa:b4:6a:69:8b:19,-65|80:69:1a:09:b3:c6,-75|00:1d:aa:be:55:c0,-81|3c:7c:3f:da:bb:38,-80|80:bc:37:48:c9:90,-66|80:bc:37:48:c9:91,-67|de:cd:2f:7d:e5:89,-70|26:3f:0b:da:64:88,-83","75%","NO"
"30/09/2025 18:23:01","30/09/2025 18:23:00","51.489804, -0.261031","192","wifi","-15 dBm","2448_2991369_234_30","0","LTE","9c:31:c3:32:f1:2a,-1000|80:bc:37:48:c9:93,-66|80:bc:37:48:c9:94,-66|c0:06:c3:25:75:16,-67|fa:b4:6a:69:8b:19,-65|80:69:1a:09:b3:c6,-75|00:1d:aa:be:55:c0,-81|3c:7c:3f:da:bb:38,-80|80:bc:37:48:c9:90,-66|80:bc:37:48:c9:91,-67|de:cd:2f:7d:e5:89,-70|26:3f:0b:da:64:88,-83","75%","NO"
"30/09/2025 18:19:01","30/09/2025 18:19:00","51.489804, -0.261031","192","wifi","-19 dBm","2448_6621193_234_30","0","LTE","9c:31:c3:32:f1:2a,-1000|80:bc:37:48:c9:93,-66|80:bc:37:48:c9:94,-66|c0:06:c3:25:75:16,-67|fa:b4:6a:69:8b:19,-65|80:69:1a:09:b3:c6,-75|00:1d:aa:be:55:c0,-81|3c:7c:3f:da:bb:38,-80|80:bc:37:48:c9:90,-66|80:bc:37:48:c9:91,-67|de:cd:2f:7d:e5:89,-70|26:3f:0b:da:64:88,-83","75%","NO"
"30/09/2025 18:15:05","30/09/2025 18:15:00","51.4811325073242190, -0.2680368125438690","5","gps","null dBm","2454_3908865_234_30","0","LTE","9c:31:c3:32:f1:2a,-1000|80:bc:37:48:c9:93,-66|80:bc:37:48:c9:94,-66|c0:06:c3:25:75:16,-67|fa:b4:6a:69:8b:19,-65|80:69:1a:09:b3:c6,-75|00:1d:aa:be:55:c0,-81|3c:7c:3f:da:bb:38,-80|80:bc:37:48:c9:90,-66|80:bc:37:48:c9:91,-67|de:cd:2f:7d:e5:89,-70|26:3f:0b:da:64:88,-83","75%","NO"
"30/09/2025 18:14:03","30/09/2025 18:14:00","51.4823799133300780, -0.2696394920349121","5","gps","null dBm","2454_9646099_234_30","0","LTE","9c:31:c3:32:f1:2a,-1000|80:bc:37:48:c9:93,-66|80:bc:37:48:c9:94,-66|c0:06:c3:25:75:16,-67|fa:b4:6a:69:8b:19,-65|80:69:1a:09:b3:c6,-75|00:1d:aa:be:55:c0,-81|3c:7c:3f:da:bb:38,-80|80:bc:37:48:c9:90,-66|80:bc:37:48:c9:91,-67|de:cd:2f:7d:e5:89,-70|26:3f:0b:da:64:88,-83","75%","NO"
"30/09/2025 18:11:01","30/09/2025 18:11:00","51.4839668273925780, -0.2692982256412506","5","gps","-5 dBm","2454_3908874_234_30","0","LTE","9c:31:c3:32:f1:2a,-1000|80:bc:37:48:c9:93,-66|80:bc:37:48:c9:94,-66|c0:06:c3:25:75:16,-67|fa:b4:6a:69:8b:19,-65|80:69:1a:09:b3:c6,-75|00:1d:aa:be:55:c0,-81|3c:7c:3f:da:bb:38,-80|80:bc:37:48:c9:90,-66|80:bc:37:48:c9:91,-67|de:cd:2f:7d:e5:89,-70|26:3f:0b:da:64:88,-83","76%","NO"
"30/09/2025 18:10:02","30/09/2025 18:10:00","51.4854431152343750, -0.2684937715530396","5","gps","-12 dBm","2454_3908871_234_30","0","LTE","9c:31:c3:32:f1:2a,-1000|80:bc:37:48:c9:93,-66|80:bc:37:48:c9:94,-66|c0:06:c3:25:75:16,-67|fa:b4:6a:69:8b:19,-65|80:69:1a:09:b3:c6,-75|00:1d:aa:be:55:c0,-81|3c:7c:3f:da:bb:38,-80|80:bc:37:48:c9:90,-66|80:bc:37:48:c9:91,-67|de:cd:2f:7d:e5:89,-70|26:3f:0b:da:64:88,-83","76%","NO"
"30/09/2025 18:08:01","30/09/2025 18:08:00","51.4869079589843750, -0.2674766778945923","5","gps","-24 dBm","2454_3908871_234_30","0","LTE","9c:31:c3:32:f1:2a,-1000|80:bc:37:48:c9:93,-66|80:bc:37:48:c9:94,-66|c0:06:c3:25:75:16,-67|fa:b4:6a:69:8b:19,-65|80:69:1a:09:b3:c6,-75|00:1d:aa:be:55:c0,-81|3c:7c:3f:da:bb:38,-80|80:bc:37:48:c9:90,-66|80:bc:37:48:c9:91,-67|de:cd:2f:7d:e5:89,-70|26:3f:0b:da:64:88,-83","76%","NO"
"30/09/2025 18:06:01","30/09/2025 18:06:00","51.4884338378906250, -0.2665580809116364","5","gps","-20 dBm","2454_3908871_234_30","0","LTE","9c:31:c3:32:f1:2a,-1000|80:bc:37:48:c9:93,-66|80:bc:37:48:c9:94,-66|c0:06:c3:25:75:16,-67|fa:b4:6a:69:8b:19,-65|80:69:1a:09:b3:c6,-75|00:1d:aa:be:55:c0,-81|3c:7c:3f:da:bb:38,-80|80:bc:37:48:c9:90,-66|80:bc:37:48:c9:91,-67|de:cd:2f:7d:e5:89,-70|26:3f:0b:da:64:88,-83","76%","NO"
"30/09/2025 18:04:01","30/09/2025 18:04:00","51.4898529052734380, -0.2658672928810120","5","gps","-23 dBm","2454_3908871_234_30","0","LTE","9c:31:c3:32:f1:2a,-1000|80:bc:37:48:c9:93,-66|80:bc:37:48:c9:94,-66|c0:06:c3:25:75:16,-67|fa:b4:6a:69:8b:19,-65|80:69:1a:09:b3:c6,-75|00:1d:aa:be:55:c0,-81|3c:7c:3f:da:bb:38,-80|80:bc:37:48:c9:90,-66|80:bc:37:48:c9:91,-67|de:cd:2f:7d:e5:89,-70|26:3f:0b:da:64:88,-83","76%","NO"
"30/09/2025 18:02:01","30/09/2025 18:02:00","51.4913406372070310, -0.2655327618122101","5","gps","-19 dBm","2454_3908871_234_30","0","LTE","9c:31:c3:32:f1:2a,-1000|80:bc:37:48:c9:93,-66|80:bc:37:48:c9:94,-66|c0:06:c3:25:75:16,-67|fa:b4:6a:69:8b:19,-65|80:69:1a:09:b3:c6,-75|00:1d:aa:be:55:c0,-81|3c:7c:3f:da:bb:38,-80|80:bc:37:48:c9:90,-66|80:bc:37:48:c9:91,-67|de:cd:2f:7d:e5:89,-70|26:3f:0b:da:64:88,-83","76%","NO"
"30/09/2025 18:00:02","30/09/2025 18:00:00","51.489804, -0.261031","192","wifi","-17 dBm","2454_3908871_234_30","0","LTE","9c:31:c3:32:f1:2a,-1000|80:bc:37:48:c9:93,-66|80:bc:37:48:c9:94,-66|c0:06:c3:25:75:16,-67|fa:b4:6a:69:8b:19,-65|80:69:1a:09:b3:c6,-75|00:1d:aa:be:55:c0,-81|3c:7c:3f:da:bb:38,-80|80:bc:37:48:c9:90,-66|80:bc:37:48:c9:91,-67|de:cd:2f:7d:e5:89,-70|26:3f:0b:da:64:88,-83","76%","NO"
"30/09/2025 17:59:01","30/09/2025 17:59:00","51.4917411804199220, -0.2630803585052490","5","gps","-15 dBm","2454_3908871_234_30","0","LTE","9c:31:c3:32:f1:2a,-1000|80:bc:37:48:c9:93,-66|80:bc:37:48:c9:94,-66|c0:06:c3:25:75:16,-67|fa:b4:6a:69:8b:19,-65|80:69:1a:09:b3:c6,-75|00:1d:aa:be:55:c0,-81|3c:7c:3f:da:bb:38,-80|80:bc:37:48:c9:90,-66|80:bc:37:48:c9:91,-67|de:cd:2f:7d:e5:89,-70|26:3f:0b:da:64:88,-83","76%","NO"
"30/09/2025 17:58:03","30/09/2025 17:58:00","51.4919128417968750, -0.2617694735527039","5","gps","-12 dBm","9910_9365784_234_30","0","LTE","9c:31:c3:32:f1:2a,-1000|80:bc:37:48:c9:93,-66|80:bc:37:48:c9:94,-66|c0:06:c3:25:75:16,-67|fa:b4:6a:69:8b:19,-65|80:69:1a:09:b3:c6,-75|00:1d:aa:be:55:c0,-81|3c:7c:3f:da:bb:38,-80|80:bc:37:48:c9:90,-66|80:bc:37:48:c9:91,-67|de:cd:2f:7d:e5:89,-70|26:3f:0b:da:64:88,-83","76%","NO"
"30/09/2025 17:52:01","30/09/2025 17:52:00","51.489804, -0.261031","192","wifi","-25 dBm","9910_9365784_234_30","0","LTE","9c:31:c3:32:f1:2a,-1000|80:bc:37:48:c9:93,-66|80:bc:37:48:c9:94,-66|c0:06:c3:25:75:16,-67|fa:b4:6a:69:8b:19,-65|80:69:1a:09:b3:c6,-75|00:1d:aa:be:55:c0,-81|3c:7c:3f:da:bb:38,-80|80:bc:37:48:c9:90,-66|80:bc:37:48:c9:91,-67|de:cd:2f:7d:e5:89,-70|26:3f:0b:da:64:88,-83","76%","NO"
"30/09/2025 17:34:37","30/09/2025 17:34:36","51.489804, -0.261031","192","wifi","-25 dBm","9910_9365784_234_30","0","LTE","9c:31:c3:32:f1:2a,-1000|c0:06:c3:25:75:16,-63|80:bc:37:48:c9:94,-65|80:bc:37:48:c9:93,-65|fa:b4:6a:69:8b:19,-67|80:69:1a:09:b3:c6,-74|80:bc:37:48:c9:91,-65|80:bc:37:48:c9:90,-65|fe:3f:db:cf:67:b6,-77","77%","NO"
"30/09/2025 17:33:13","30/09/2025 17:33:11","51.489804, -0.261031","192","wifi","-24 dBm","9910_9365784_234_30","0","LTE","9c:31:c3:32:f1:2a,-1000|c0:06:c3:25:75:16,-63|80:bc:37:48:c9:94,-65|80:bc:37:48:c9:93,-65|fa:b4:6a:69:8b:19,-67|80:69:1a:09:b3:c6,-74|80:bc:37:48:c9:91,-65|80:bc:37:48:c9:90,-65|fe:3f:db:cf:67:b6,-77","77%","NO"
"30/09/2025 17:20:17","30/09/2025 17:20:16","51.489804, -0.261031","192","wifi","-26 dBm","9910_9365784_234_30","0","LTE","9c:31:c3:32:f1:2a,-1000|c0:06:c3:25:75:16,-63|80:bc:37:48:c9:94,-65|80:bc:37:48:c9:93,-65|fa:b4:6a:69:8b:19,-67|80:69:1a:09:b3:c6,-74|80:bc:37:48:c9:91,-65|80:bc:37:48:c9:90,-65|fe:3f:db:cf:67:b6,-77","77%","NO"
"30/09/2025 16:49:25","30/09/2025 16:49:24","51.489804, -0.261031","192","wifi","-25 dBm","9910_9365784_234_30","0","LTE","9c:31:c3:32:f1:2a,-1000|c0:06:c3:25:75:16,-63|80:bc:37:48:c9:94,-65|80:bc:37:48:c9:93,-65|fa:b4:6a:69:8b:19,-67|80:69:1a:09:b3:c6,-74|80:bc:37:48:c9:91,-65|80:bc:37:48:c9:90,-65|fe:3f:db:cf:67:b6,-77","77%","NO"
"30/09/2025 16:48:38","30/09/2025 16:48:37","51.489804, -0.261031","192","wifi","-26 dBm","9910_9365784_234_30","0","LTE","9c:31:c3:32:f1:2a,-1000|c0:06:c3:25:75:16,-63|80:bc:37:48:c9:94,-65|80:bc:37:48:c9:93,-65|fa:b4:6a:69:8b:19,-67|80:69:1a:09:b3:c6,-74|80:bc:37:48:c9:91,-65|80:bc:37:48:c9:90,-65|fe:3f:db:cf:67:b6,-77","77%","NO"
"30/09/2025 16:44:33","30/09/2025 16:44:32","51.489804, -0.261031","192","wifi","-25 dBm","9910_9365784_234_30","0","LTE","9c:31:c3:32:f1:2a,-1000|c0:06:c3:25:75:16,-63|80:bc:37:48:c9:94,-65|80:bc:37:48:c9:93,-65|fa:b4:6a:69:8b:19,-67|80:69:1a:09:b3:c6,-74|80:bc:37:48:c9:91,-65|80:bc:37:48:c9:90,-65|fe:3f:db:cf:67:b6,-77","77%","NO"
"30/09/2025 16:12:30","30/09/2025 16:12:28","51.489804, -0.261031","192","wifi","-25 dBm","9910_9365784_234_30","0","LTE","9c:31:c3:32:f1:2a,-1000|c0:06:c3:25:75:16,-63|80:bc:37:48:c9:94,-65|80:bc:37:48:c9:93,-65|fa:b4:6a:69:8b:19,-67|80:69:1a:09:b3:c6,-74|80:bc:37:48:c9:91,-65|80:bc:37:48:c9:90,-65|fe:3f:db:cf:67:b6,-77","77%","NO"
"30/09/2025 16:06:17","30/09/2025 16:06:15","51.489804, -0.261031","192","wifi","-23 dBm","9910_9365784_234_30","0","LTE","9c:31:c3:32:f1:2a,-1000|c0:06:c3:25:75:16,-63|80:bc:37:48:c9:94,-65|80:bc:37:48:c9:93,-65|fa:b4:6a:69:8b:19,-67|80:69:1a:09:b3:c6,-74|80:bc:37:48:c9:91,-65|80:bc:37:48:c9:90,-65|fe:3f:db:cf:67:b6,-77","77%","NO"
"30/09/2025 15:49:41","30/09/2025 15:49:39","51.489804, -0.261031","192","wifi","-22 dBm","9910_9365784_234_30","0","LTE","9c:31:c3:32:f1:2a,-1000|c0:06:c3:25:75:16,-63|80:bc:37:48:c9:94,-65|80:bc:37:48:c9:93,-65|fa:b4:6a:69:8b:19,-67|80:69:1a:09:b3:c6,-74|80:bc:37:48:c9:91,-65|80:bc:37:48:c9:90,-65|fe:3f:db:cf:67:b6,-77","77%","NO"
"30/09/2025 15:48:57","30/09/2025 15:48:55","51.489804, -0.261031","192","wifi","-24 dBm","9910_9365784_234_30","0","LTE","9c:31:c3:32:f1:2a,-1000|c0:06:c3:25:75:16,-63|80:bc:37:48:c9:94,-65|80:bc:37:48:c9:93,-65|fa:b4:6a:69:8b:19,-67|80:69:1a:09:b3:c6,-74|80:bc:37:48:c9:91,-65|80:bc:37:48:c9:90,-65|fe:3f:db:cf:67:b6,-77","77%","NO"
"30/09/2025 15:43:10","30/09/2025 15:43:09","51.489804, -0.261031","192","wifi","-23 dBm","9910_9365784_234_30","0","LTE","9c:31:c3:32:f1:2a,-1000|c0:06:c3:25:75:16,-63|80:bc:37:48:c9:94,-65|80:bc:37:48:c9:93,-65|fa:b4:6a:69:8b:19,-67|80:69:1a:09:b3:c6,-74|80:bc:37:48:c9:91,-65|80:bc:37:48:c9:90,-65|fe:3f:db:cf:67:b6,-77","77%","NO"
"30/09/2025 15:40:30","30/09/2025 15:40:28","51.489804, -0.261031","192","wifi","-23 dBm","9910_9365784_234_30","0","LTE","9c:31:c3:32:f1:2a,-1000|c0:06:c3:25:75:16,-63|80:bc:37:48:c9:94,-65|80:bc:37:48:c9:93,-65|fa:b4:6a:69:8b:19,-67|80:69:1a:09:b3:c6,-74|80:bc:37:48:c9:91,-65|80:bc:37:48:c9:90,-65|fe:3f:db:cf:67:b6,-77","77%","NO"
"30/09/2025 15:36:01","30/09/2025 15:36:00","51.489804, -0.261031","192","wifi","-25 dBm","9910_9365784_234_30","0","LTE","9c:31:c3:32:f1:2a,-1000|c0:06:c3:25:75:16,-61|80:bc:37:48:c9:94,-58|80:bc:37:48:c9:93,-58|fa:b4:6a:69:8b:19,-73|80:69:1a:09:b3:c6,-70|26:3f:0b:da:64:88,-78|3c:7c:3f:da:bb:38,-83|80:bc:37:48:c9:91,-58|80:bc:37:48:c9:90,-57","77%","NO"
"30/09/2025 15:02:02","30/09/2025 11:01:00","51.355395, -0.187821","19","wifi","null dBm","null_null_null_null","0","GSM","","62%","NO"
"30/09/2025 11:01:01","30/09/2025 11:01:00","51.355395, -0.187821","19","wifi","-23 dBm","9910_9365784_234_30","0","LTE","9c:31:c3:32:f1:2a,-1000","62%","NO"
"30/09/2025 10:59:49","30/09/2025 10:59:47","51.355395, -0.187821","19","wifi","-22 dBm","9910_9364504_234_30","0","LTE","9c:31:c3:32:f1:2a,-1000","62%","NO"
"30/09/2025 10:48:57","30/09/2025 10:48:55","51.355395, -0.187821","19","wifi","-23 dBm","9910_9364504_234_30","0","LTE","9c:31:c3:32:f1:2a,-1000","62%","NO"
"30/09/2025 10:36:58","30/09/2025 10:36:56","51.355395, -0.187821","19","wifi","-23 dBm","9910_9364504_234_30","0","LTE","9c:31:c3:32:f1:2a,-1000","62%","NO"
"30/09/2025 10:28:02","30/09/2025 10:28:00","51.355395, -0.187821","19","wifi","-21 dBm","9910_9364504_234_30","0","LTE","9c:31:c3:32:f1:2a,-1000","62%","NO"
"30/09/2025 09:53:01","30/09/2025 09:53:00","51.4919586181640620, -0.2620579898357391","5","gps","-20 dBm","2454_3908871_234_30","0","LTE","9c:31:c3:32:f1:2a,-1000","62%","NO"
"30/09/2025 09:52:35","30/09/2025 09:52:34","51.4919242858886720, -0.2622463703155518","5","gps","-22 dBm","2454_3908871_234_30","0","LTE","9c:31:c3:32:f1:2a,-1000","62%","NO"
"30/09/2025 09:52:11","30/09/2025 09:52:10","51.4918594360351560, -0.2627187371253967","5","gps","-14 dBm","2454_3908871_234_30","0","LTE","9c:31:c3:32:f1:2a,-1000","62%","NO"
"30/09/2025 09:51:47","30/09/2025 09:51:46","51.4917831420898440, -0.2632729709148407","5","gps","-17 dBm","2454_3908871_234_30","0","LTE","9c:31:c3:32:f1:2a,-1000","62%","NO"
"30/09/2025 09:51:23","30/09/2025 09:51:22","51.4916877746582030, -0.2636907696723938","5","gps","-18 dBm","2454_3908871_234_30","0","LTE","9c:31:c3:32:f1:2a,-1000","62%","NO"
"30/09/2025 09:50:59","30/09/2025 09:50:58","51.4915809631347660, -0.2642167210578918","5","gps","-16 dBm","2454_3908871_234_30","0","LTE","9c:31:c3:32:f1:2a,-1000","62%","NO"
"30/09/2025 09:50:35","30/09/2025 09:50:34","51.4915237426757810, -0.2646719813346863","5","gps","-18 dBm","2454_3908871_234_30","0","LTE","9c:31:c3:32:f1:2a,-1000","62%","NO"
"30/09/2025 09:50:11","30/09/2025 09:50:10","51.4914550781250000, -0.2651892602443695","5","gps","-18 dBm","2454_3908871_234_30","0","LTE","9c:31:c3:32:f1:2a,-1000","63%","NO"
"30/09/2025 09:49:47","30/09/2025 09:49:46","51.4913101196289060, -0.2657645046710968","5","gps","-17 dBm","2454_3908871_234_30","0","LTE","9c:31:c3:32:f1:2a,-1000","63%","NO"
"30/09/2025 09:49:23","30/09/2025 09:49:22","51.4909858703613280, -0.2657347023487091","5","gps","-22 dBm","2454_3908871_234_30","0","LTE","9c:31:c3:32:f1:2a,-1000","63%","NO"
"30/09/2025 09:48:59","30/09/2025 09:48:58","51.4906501770019530, -0.2656531035900116","5","gps","-14 dBm","2454_3908871_234_30","0","LTE","9c:31:c3:32:f1:2a,-1000","63%","NO"
"30/09/2025 09:48:35","30/09/2025 09:48:34","51.4903488159179690, -0.2657410800457001","5","gps","-17 dBm","2454_3908871_234_30","0","LTE","9c:31:c3:32:f1:2a,-1000","63%","NO"
"30/09/2025 09:48:11","30/09/2025 09:48:10","51.4900321960449220, -0.2658660709857941","5","gps","-19 dBm","2454_3908871_234_30","0","LTE","9c:31:c3:32:f1:2a,-1000","63%","NO"
"30/09/2025 09:47:47","30/09/2025 09:47:46","51.4897613525390620, -0.2659648656845093","5","gps","-17 dBm","2454_3908871_234_30","0","LTE","9c:31:c3:32:f1:2a,-1000","63%","NO"
"30/09/2025 09:47:23","30/09/2025 09:47:22","51.4894256591796880, -0.2660706639289856","5","gps","-23 dBm","2454_3908871_234_30","0","LTE","9c:31:c3:32:f1:2a,-1000","63%","NO"
"30/09/2025 09:46:59","30/09/2025 09:46:58","51.4891052246093750, -0.2662346363067627","5","gps","-22 dBm","2454_3908871_234_30","0","LTE","9c:31:c3:32:f1:2a,-1000","63%","NO"
"30/09/2025 09:46:35","30/09/2025 09:46:34","51.4887886047363280, -0.2664139866828918","5","gps","-19 dBm","2454_3908871_234_30","0","LTE","9c:31:c3:32:f1:2a,-1000","63%","NO"
"30/09/2025 09:46:11","30/09/2025 09:46:10","51.4884185791015620, -0.2665115892887115","5","gps","-24 dBm","2454_3908871_234_30","0","LTE","9c:31:c3:32:f1:2a,-1000","63%","NO"
"30/09/2025 09:45:47","30/09/2025 09:45:46","51.4881019592285160, -0.2666801214218140","5","gps","-20 dBm","2454_3908871_234_30","0","LTE","9c:31:c3:32:f1:2a,-1000","63%","NO"
"30/09/2025 09:45:23","30/09/2025 09:45:22","51.4878158569335940, -0.2668794393539429","5","gps","-19 dBm","2454_3908871_234_30","0","LTE","9c:31:c3:32:f1:2a,-1000","63%","NO"
"30/09/2025 09:44:59","30/09/2025 09:44:58","51.4875602722167970, -0.2669483721256256","5","gps","-21 dBm","2454_3908871_234_30","0","LTE","9c:31:c3:32:f1:2a,-1000","63%","NO"
"30/09/2025 09:44:35","30/09/2025 09:44:34","51.4874229431152340, -0.2670572698116302","5","gps","-22 dBm","2454_3908871_234_30","0","LTE","9c:31:c3:32:f1:2a,-1000","63%","NO"
"30/09/2025 09:44:12","30/09/2025 09:44:10","51.4871749877929690, -0.2673467099666595","5","gps","-20 dBm","2454_3908871_234_30","0","LTE","9c:31:c3:32:f1:2a,-1000","63%","NO"
"30/09/2025 09:43:47","30/09/2025 09:43:46","51.4869041442871090, -0.2675636410713196","5","gps","-18 dBm","2454_3908871_234_30","0","LTE","9c:31:c3:32:f1:2a,-1000","63%","NO"
"30/09/2025 09:43:23","30/09/2025 09:43:22","51.4865112304687500, -0.2677263617515564","5","gps","-23 dBm","2454_3908871_234_30","0","LTE","9c:31:c3:32:f1:2a,-1000","63%","NO"
"30/09/2025 09:42:59","30/09/2025 09:42:58","51.4863014221191410, -0.2679427862167358","5","gps","-17 dBm","2454_3908871_234_30","0","LTE","9c:31:c3:32:f1:2a,-1000","63%","NO"
"30/09/2025 09:42:35","30/09/2025 09:42:34","51.4859886169433590, -0.2681508064270020","5","gps","-19 dBm","2454_3908871_234_30","0","LTE","9c:31:c3:32:f1:2a,-1000","63%","NO"
"30/09/2025 09:42:12","30/09/2025 09:42:10","51.4857368469238280, -0.2683467268943787","5","gps","-16 dBm","2454_3908868_234_30","0","LTE","9c:31:c3:32:f1:2a,-1000","63%","NO"
"30/09/2025 09:41:47","30/09/2025 09:41:46","51.4853935241699220, -0.2685732543468475","5","gps","-17 dBm","2454_3908871_234_30","0","LTE","9c:31:c3:32:f1:2a,-1000","63%","NO"
"30/09/2025 09:41:23","30/09/2025 09:41:22","51.4851264953613280, -0.2688088119029999","5","gps","-18 dBm","2454_3908871_234_30","0","LTE","9c:31:c3:32:f1:2a,-1000","63%","NO"
"30/09/2025 09:38:01","30/09/2025 09:38:00","51.4828910827636720, -0.2700494229793549","5","gps","-7 dBm","2454_3908868_234_30","0","LTE","9c:31:c3:32:f1:2a,-1000","63%","NO"
"30/09/2025 09:37:01","30/09/2025 09:37:00","51.4820518493652340, -0.2704705297946930","5","gps","-18 dBm","2454_7455754_234_30","0","LTE","9c:31:c3:32:f1:2a,-1000|48:8f:4c:eb:32:76,-82","63%","NO"
"30/09/2025 09:36:47","30/09/2025 09:36:45","51.355395, -0.187821","19","wifi","-14 dBm","2454_7455751_234_30","0","LTE","9c:31:c3:32:f1:2a,-1000","63%","NO"
"30/09/2025 09:35:02","30/09/2025 09:35:00","51.355395, -0.187821","19","wifi","-5 dBm","2454_3908868_234_30","0","LTE","9c:31:c3:32:f1:2a,-1000|b0:26:80:ae:2d:50,-56","63%","NO"
"30/09/2025 09:34:02","30/09/2025 09:34:00","51.355395, -0.187821","19","wifi","null dBm","2448_2859779_234_30","0","LTE","9c:31:c3:32:f1:2a,-1000|b0:26:80:ae:2d:50,-56","63%","NO"
"30/09/2025 09:30:05","30/09/2025 09:30:00","51.355395, -0.187821","19","wifi","-12 dBm","2448_3491328_234_30","0","LTE","9c:31:c3:32:f1:2a,-1000|b0:26:80:ae:2d:50,-56","63%","NO"
"30/09/2025 09:26:03","30/09/2025 09:26:00","51.355395, -0.187821","19","wifi","-16 dBm","2448_3491337_234_30","0","LTE","9c:31:c3:32:f1:2a,-1000|b0:26:80:ae:2d:50,-56","63%","NO"
"30/09/2025 09:22:01","30/09/2025 09:22:00","51.355395, -0.187821","19","wifi","-15 dBm","2448_2991366_234_30","0","LTE","9c:31:c3:32:f1:2a,-1000|b0:26:80:ae:2d:50,-56","63%","NO"
"30/09/2025 09:21:02","30/09/2025 09:21:00","51.355395, -0.187821","19","wifi","-17 dBm","2448_3379463_234_30","0","LTE","9c:31:c3:32:f1:2a,-1000|b0:26:80:ae:2d:50,-56","63%","NO"
"30/09/2025 09:18:01","30/09/2025 09:18:00","51.355395, -0.187821","19","wifi","-17 dBm","2448_4072712_234_30","0","LTE","9c:31:c3:32:f1:2a,-1000|b0:26:80:ae:2d:50,-56","63%","NO"
"30/09/2025 09:14:01","30/09/2025 09:14:00","51.355395, -0.187821","19","wifi","-8 dBm","2448_4072711_234_30","0","LTE","9c:31:c3:32:f1:2a,-1000|b0:26:80:ae:2d:50,-56","63%","NO"
"30/09/2025 09:13:02","30/09/2025 09:13:00","51.355395, -0.187821","19","wifi","null dBm","2448_4066567_234_30","0","LTE","9c:31:c3:32:f1:2a,-1000|b0:26:80:ae:2d:50,-56","63%","NO"
"30/09/2025 09:10:02","30/09/2025 09:10:00","51.355395, -0.187821","19","wifi","-15 dBm","2448_4072711_234_30","0","LTE","9c:31:c3:32:f1:2a,-1000|b0:26:80:ae:2d:50,-56","63%","NO"
"30/09/2025 09:09:06","30/09/2025 09:09:00","51.355395, -0.187821","19","wifi","-2 dBm","2448_8197382_234_30","0","LTE","9c:31:c3:32:f1:2a,-1000|b0:26:80:ae:2d:50,-56","63%","NO"
"30/09/2025 09:06:01","30/09/2025 09:06:00","51.355395, -0.187821","19","wifi","-12 dBm","2450_2679562_234_30","0","LTE","9c:31:c3:32:f1:2a,-1000|b0:26:80:ae:2d:50,-63|c2:c1:74:da:52:c0,-73|8c:83:94:02:94:7a,-77|72:83:94:02:94:7b,-73","65%","NO"
"30/09/2025 09:05:09","30/09/2025 09:05:07","51.355395, -0.187821","19","wifi","-15 dBm","2450_2679562_234_30","0","LTE","9c:31:c3:32:f1:2a,-1000|b0:26:80:ae:2d:50,-62|9e:34:1e:ad:19:01,-79","65%","NO"
"30/09/2025 09:05:04","30/09/2025 09:05:02","51.355395, -0.187821","19","wifi","-13 dBm","2450_2679562_234_30","0","LTE","9c:31:c3:32:f1:2a,-1000|b0:26:80:ae:2d:50,-62|9e:34:1e:ad:19:01,-79","65%","NO"
"30/09/2025 09:04:39","30/09/2025 09:04:38","51.355395, -0.187821","19","wifi","-20 dBm","2450_2679562_234_30","0","LTE","9c:31:c3:32:f1:2a,-1000|9e:34:1e:ad:19:01,-77|b0:26:80:ae:2d:50,-62","65%","NO"
"30/09/2025 09:04:16","30/09/2025 09:04:14","51.355395, -0.187821","19","wifi","-11 dBm","2450_2679562_234_30","0","LTE","9c:31:c3:32:f1:2a,-1000|b0:26:80:ae:2d:50,-64|c2:c1:74:da:52:c0,-78","65%","NO"
"30/09/2025 09:03:52","30/09/2025 09:03:50","51.355395, -0.187821","19","wifi","-7 dBm","2450_2679553_234_30","0","LTE","9c:31:c3:32:f1:2a,-1000|b0:26:80:ae:2d:50,-65|9e:34:1e:ad:19:01,-77|c2:c1:74:da:52:c0,-79","65%","NO"
"30/09/2025 09:03:28","30/09/2025 09:03:26","51.355395, -0.187821","19","wifi","-9 dBm","2450_3123973_234_30","0","LTE","9c:31:c3:32:f1:2a,-1000|b0:26:80:ae:2d:50,-67","66%","NO"
"29/09/2025 22:08:01","29/09/2025 22:08:00","51.355467, -0.1884335","19","wifi","-22 dBm","2449_3581962_234_30","0","LTE","9c:31:c3:32:f1:2a,-46|00:5f:67:28:97:17,-71|bc:f8:7e:2a:d7:3e,-82|3c:9e:c7:5c:57:7a,-82|72:f8:7e:2a:d7:3f,-82","79%","NO"
"29/09/2025 21:08:01","29/09/2025 21:08:00","51.355467, -0.1884335","19","wifi","-19 dBm","2449_3581956_234_30","0","LTE","9c:31:c3:32:f1:2a,-46|00:5f:67:28:97:17,-71|bc:f8:7e:2a:d7:3e,-82|3c:9e:c7:5c:57:7a,-82|72:f8:7e:2a:d7:3f,-82","81%","NO"
"29/09/2025 21:07:27","29/09/2025 21:07:27","51.355467, -0.1884335","19","wifi","-17 dBm","2449_3581962_234_30","0","LTE","9c:31:c3:32:f1:2a,-46|00:5f:67:28:97:17,-71|bc:f8:7e:2a:d7:3e,-82|3c:9e:c7:5c:57:7a,-82|72:f8:7e:2a:d7:3f,-82","81%","NO"
"29/09/2025 20:42:01","29/09/2025 20:42:00","51.355467, -0.1884335","19","wifi","-21 dBm","2449_3581962_234_30","0","LTE","9c:31:c3:32:f1:2a,-46|00:5f:67:28:97:17,-71|bc:f8:7e:2a:d7:3e,-82|3c:9e:c7:5c:57:7a,-82|72:f8:7e:2a:d7:3f,-82","81%","NO"
"29/09/2025 20:30:02","29/09/2025 20:30:00","51.355467, -0.1884335","19","wifi","-18 dBm","2449_3581956_234_30","0","LTE","9c:31:c3:32:f1:2a,-46|00:5f:67:28:97:17,-71|bc:f8:7e:2a:d7:3e,-82|3c:9e:c7:5c:57:7a,-82|72:f8:7e:2a:d7:3f,-82","82%","NO"
"29/09/2025 18:54:03","29/09/2025 18:54:00","51.3554458618164060, -0.1872959733009338","5","gps","-22 dBm","2449_3581962_234_30","0","LTE","9c:31:c3:32:f1:2a,-46|00:5f:67:28:97:17,-71|bc:f8:7e:2a:d7:3e,-82|3c:9e:c7:5c:57:7a,-82|72:f8:7e:2a:d7:3f,-82","85%","NO"
"29/09/2025 18:25:02","29/09/2025 18:25:00","51.355467, -0.1884335","19","wifi","-24 dBm","2449_3581959_234_30","0","LTE","9c:31:c3:32:f1:2a,-47|00:5f:67:28:97:17,-71|bc:f8:7e:2a:d7:3e,-82|3c:9e:c7:5c:57:7a,-82|72:f8:7e:2a:d7:3f,-82","70%","NO"
"29/09/2025 17:35:02","29/09/2025 17:35:00","51.355467, -0.1884335","19","wifi","-16 dBm","2449_3581962_234_30","0","LTE","9c:31:c3:32:f1:2a,-47|00:5f:67:28:97:17,-71|bc:f8:7e:2a:d7:3e,-82|3c:9e:c7:5c:57:7a,-82|72:f8:7e:2a:d7:3f,-82","29%","NO"
"29/09/2025 17:26:01","29/09/2025 17:26:00","51.3554115295410160, -0.1872871667146683","5","gps","-22 dBm","2449_3581959_234_30","0","LTE","9c:31:c3:32:f1:2a,-46|00:5f:67:28:97:17,-71|bc:f8:7e:2a:d7:3e,-82|3c:9e:c7:5c:57:7a,-82|72:f8:7e:2a:d7:3f,-82","21%","NO"
